ref_id,title,institution,item_id,sheet_or_photo,url,local_path,source_date,accessed_date,view_direction,rooms,use,evidence_level,rights_note,verification_status,source_url,sha256,bytes,hash_provenance,visual_status,status_provenance,parent_ref,asset_class,local_path_check
MAIN_HABS_01_JPEG,HABS PA-5346 sheet 1: Title sheet,Library of Congress / Historic American Buildings Survey,pa1690,sheet 01,https://www.loc.gov/pictures/item/pa1690.sheet.00001a/,research/references/architecture/main-01-sheet.jpg,circa 2010,2026-09-20,drawing plan / detail; geographic bearing not asserted,MAIN_ALL,Measured-drawing geometry reference; precision only where dimensions are legible,A,LOC item advisory: US Government images have no known restrictions; copied-source images may be restricted,downloaded_verified,https://tile.loc.gov/storage-services/service/pnp/habshaer/pa/pa1600/pa1690/sheet/00001v.jpg,f8820aae5f0b4afeb8bd10b0fe6456ff3109edc409b1609e1e5217e46065a0f3,282462,"preserved prior ledger; this audit checked existence and bytes, did not rehash",JPEG directly viewed; not fully measured,research/references/architecture/manifest.csv; research/architecture.md,,original_archive_reference,exists
MAIN_HABS_02_JPEG,HABS PA-5346 sheet 2: Site plan,Library of Congress / Historic American Buildings Survey,pa1690,sheet 02,https://www.loc.gov/pictures/item/pa1690.sheet.00002a/,research/references/architecture/main-02-sheet.jpg,circa 2010,2026-09-20,drawing plan / detail; geographic bearing not asserted,MAIN_ALL,Measured-drawing geometry reference; precision only where dimensions are legible,A,LOC item advisory: US Government images have no known restrictions; copied-source images may be restricted,downloaded_verified,https://tile.loc.gov/storage-services/service/pnp/habshaer/pa/pa1600/pa1690/sheet/00002v.jpg,b7c418fc54006d1c097eb8013b03ab167b8fc3aeddec00e1201d38da7e107a71,297286,"preserved prior ledger; this audit checked existence and bytes, did not rehash",JPEG directly viewed; not fully measured,research/references/architecture/manifest.csv; research/architecture.md,,original_archive_reference,exists
MAIN_HABS_03_JPEG,HABS PA-5346 sheet 3: Basement plan,Library of Congress / Historic American Buildings Survey,pa1690,sheet 03,https://www.loc.gov/pictures/item/pa1690.sheet.00003a/,research/references/architecture/main-03-sheet.jpg,circa 2010,2026-09-20,drawing plan / detail; geographic bearing not asserted,MAIN_B_WINE;MAIN_B_BATH;MAIN_B_BOILER;MAIN_B_STAIR;MAIN_B_FOUNDATION_1;MAIN_B_FOUNDATION_2;MAIN_B_FOUNDATION_3;MAIN_B_PLUNGE,Measured-drawing geometry reference; precision only where dimensions are legible,A,LOC item advisory: US Government images have no known restrictions; copied-source images may be restricted,downloaded_verified,https://tile.loc.gov/storage-services/service/pnp/habshaer/pa/pa1600/pa1690/sheet/00003v.jpg,6593e92de4b03e629a6528839143831345f6c7e0dfcef8c2fc232006828d80dc,148009,"preserved prior ledger; this audit checked existence and bytes, did not rehash",JPEG directly viewed; not fully measured,research/references/architecture/manifest.csv; research/architecture.md,,original_archive_reference,exists
MAIN_HABS_04_JPEG,HABS PA-5346 sheet 4: First floor plan,Library of Congress / Historic American Buildings Survey,pa1690,sheet 04,https://www.loc.gov/pictures/item/pa1690.sheet.00004a/,research/references/architecture/main-04-sheet.jpg,circa 2010,2026-09-20,drawing plan / detail; geographic bearing not asserted,MAIN_L1_LIVING;MAIN_L1_KITCHEN;MAIN_L1_SERVANT;MAIN_L1_SERVICE_STAIR;MAIN_L1_ENTRY;MAIN_L1_COAT;MAIN_L1_STAIR;MAIN_L1_LOGGIA;MAIN_L1_TERRACE_W;MAIN_L1_TERRACE_E;MAIN_L1_HATCH,Measured-drawing geometry reference; precision only where dimensions are legible,A,LOC item advisory: US Government images have no known restrictions; copied-source images may be restricted,downloaded_verified,https://tile.loc.gov/storage-services/service/pnp/habshaer/pa/pa1600/pa1690/sheet/00004v.jpg,63bd12eed8ab0ee249657e380302499f19f32195dc15fe830064e9c45094560e,191488,"preserved prior ledger; this audit checked existence and bytes, did not rehash",JPEG directly viewed; not fully measured,research/references/architecture/manifest.csv; research/architecture.md,,original_archive_reference,exists
MAIN_HABS_05_JPEG,HABS PA-5346 sheet 5: Second floor plan,Library of Congress / Historic American Buildings Survey,pa1690,sheet 05,https://www.loc.gov/pictures/item/pa1690.sheet.00005a/,research/references/architecture/main-05-sheet.jpg,circa 2010,2026-09-20,drawing plan / detail; geographic bearing not asserted,MAIN_L2_DRESSING;MAIN_L2_MASTER;MAIN_L2_BATH_N;MAIN_L2_BATH_G;MAIN_L2_BATH_M;MAIN_L2_HALL;MAIN_L2_GUEST;MAIN_L2_TERRACE_W;MAIN_L2_TERRACE_S;MAIN_L2_TERRACE_E;MAIN_L2_TERRACE_N;MAIN_L2_STAIR;MAIN_L2_CLOSET_M;MAIN_L2_CLOSET_G,Measured-drawing geometry reference; precision only where dimensions are legible,A,LOC item advisory: US Government images have no known restrictions; copied-source images may be restricted,downloaded_verified,https://tile.loc.gov/storage-services/service/pnp/habshaer/pa/pa1600/pa1690/sheet/00005v.jpg,27b063106362f41df7b138e52bced2d95cf6add47381999a0e5cc33bbddce664,182048,"preserved prior ledger; this audit checked existence and bytes, did not rehash",JPEG directly viewed; not fully measured,research/references/architecture/manifest.csv; research/architecture.md,,original_archive_reference,exists
MAIN_HABS_06_JPEG,HABS PA-5346 sheet 6: Third floor plan,Library of Congress / Historic American Buildings Survey,pa1690,sheet 06,https://www.loc.gov/pictures/item/pa1690.sheet.00006a/,research/references/architecture/main-06-sheet.jpg,circa 2010,2026-09-20,drawing plan / detail; geographic bearing not asserted,MAIN_L3_STUDY;MAIN_L3_BATH;MAIN_L3_GALLERY;MAIN_L3_ALCOVE;MAIN_L3_TERRACE;MAIN_L3_LINK;MAIN_L3_STAIR,Measured-drawing geometry reference; precision only where dimensions are legible,A,LOC item advisory: US Government images have no known restrictions; copied-source images may be restricted,downloaded_verified,https://tile.loc.gov/storage-services/service/pnp/habshaer/pa/pa1600/pa1690/sheet/00006v.jpg,66da60392a0cb16d11b2f1db5e0fa481082fedc3f93f09dcb097ae45bf50e45d,156591,"preserved prior ledger; this audit checked existence and bytes, did not rehash",JPEG directly viewed; not fully measured,research/references/architecture/manifest.csv; research/architecture.md,,original_archive_reference,exists
MAIN_HABS_07_JPEG,HABS PA-5346 sheet 7: South elevation,Library of Congress / Historic American Buildings Survey,pa1690,sheet 07,https://www.loc.gov/pictures/item/pa1690.sheet.00007a/,research/references/architecture/main-07-sheet.jpg,circa 2010,2026-09-20,south,MAIN_ALL,Measured-drawing geometry reference; precision only where dimensions are legible,A,LOC item advisory: US Government images have no known restrictions; copied-source images may be restricted,downloaded_verified,https://tile.loc.gov/storage-services/service/pnp/habshaer/pa/pa1600/pa1690/sheet/00007v.jpg,8a61f5c093cfc0a915c52f29261bfe06447cce2ff99a9f674796274725f3ea41,139921,"preserved prior ledger; this audit checked existence and bytes, did not rehash",JPEG directly viewed; not fully measured,research/references/architecture/manifest.csv; research/architecture.md,,original_archive_reference,exists
MAIN_HABS_08_JPEG,HABS PA-5346 sheet 8: North and west elevations,Library of Congress / Historic American Buildings Survey,pa1690,sheet 08,https://www.loc.gov/pictures/item/pa1690.sheet.00008a/,research/references/architecture/main-08-sheet.jpg,circa 2010,2026-09-20,north and west,MAIN_ALL,Measured-drawing geometry reference; precision only where dimensions are legible,A,LOC item advisory: US Government images have no known restrictions; copied-source images may be restricted,downloaded_verified,https://tile.loc.gov/storage-services/service/pnp/habshaer/pa/pa1600/pa1690/sheet/00008v.jpg,88094ddd3d5611866995d684452d2647229b7eb2fa2c29dec2bed3eaff3066fe,174241,"preserved prior ledger; this audit checked existence and bytes, did not rehash",JPEG directly viewed; not fully measured,research/references/architecture/manifest.csv; research/architecture.md,,original_archive_reference,exists
MAIN_HABS_09_JPEG,HABS PA-5346 sheet 9: East elevation,Library of Congress / Historic American Buildings Survey,pa1690,sheet 09,https://www.loc.gov/pictures/item/pa1690.sheet.00009a/,research/references/architecture/main-09-sheet.jpg,circa 2010,2026-09-20,east,MAIN_ALL,Measured-drawing geometry reference; precision only where dimensions are legible,A,LOC item advisory: US Government images have no known restrictions; copied-source images may be restricted,downloaded_verified,https://tile.loc.gov/storage-services/service/pnp/habshaer/pa/pa1600/pa1690/sheet/00009v.jpg,bc6039d67b2b105fbf14203dc9d1ab1e877de16fc23a6b5f34586f1dadc7242d,96506,"preserved prior ledger; this audit checked existence and bytes, did not rehash",JPEG directly viewed; not fully measured,research/references/architecture/manifest.csv; research/architecture.md,,original_archive_reference,exists
MAIN_HABS_10_JPEG,HABS PA-5346 sheet 10: Sections looking east and west,Library of Congress / Historic American Buildings Survey,pa1690,sheet 10,https://www.loc.gov/pictures/item/pa1690.sheet.00010a/,research/references/architecture/main-10-sheet.jpg,circa 2010,2026-09-20,east and west sections,MAIN_ALL,Measured-drawing geometry reference; precision only where dimensions are legible,A,LOC item advisory: US Government images have no known restrictions; copied-source images may be restricted,downloaded_verified,https://tile.loc.gov/storage-services/service/pnp/habshaer/pa/pa1600/pa1690/sheet/00010v.jpg,709e9906c911e936a5d392e9098d5726d055a624f413ee1ab7f1663b46175a27,138286,"preserved prior ledger; this audit checked existence and bytes, did not rehash",JPEG directly viewed; not fully measured,research/references/architecture/manifest.csv; research/architecture.md,,original_archive_reference,exists
MAIN_HABS_11_JPEG,"HABS PA-5346 sheet 11: Fireplaces, hatch, desk and lamp details",Library of Congress / Historic American Buildings Survey,pa1690,sheet 11,https://www.loc.gov/pictures/item/pa1690.sheet.00011a/,research/references/architecture/main-11-sheet.jpg,circa 2010,2026-09-20,drawing plan / detail; geographic bearing not asserted,MAIN_ALL,Measured-drawing geometry reference; precision only where dimensions are legible,A,LOC item advisory: US Government images have no known restrictions; copied-source images may be restricted,downloaded_verified,https://tile.loc.gov/storage-services/service/pnp/habshaer/pa/pa1600/pa1690/sheet/00011v.jpg,e19874fc454b049a7372471740169232ee0b70be9628af6a3f615dc777e4ab45,186412,"preserved prior ledger; this audit checked existence and bytes, did not rehash",JPEG directly viewed; not fully measured,research/references/architecture/manifest.csv; research/architecture.md,,original_archive_reference,exists
GUEST_HABS_01_JPEG,HABS PA-5346-A sheet 1: Basement and first floor plans,Library of Congress / Historic American Buildings Survey,pa2187,sheet 01,https://www.loc.gov/pictures/item/pa2187.sheet.00001a/,research/references/architecture/guest-01-sheet.jpg,circa 2010,2026-09-20,drawing plan / detail; geographic bearing not asserted,GUEST_L1_THEATER;GUEST_L1_CAR_COURT;GUEST_L1_CHAUFFEUR_LOUNGE;GUEST_L1_BOILER;GUEST_L1_STAIR_HALL;GUEST_L1_LOUNGE;GUEST_L1_GALLERY;GUEST_L1_BATH;GUEST_L1_GUEST_ROOM;GUEST_L1_TERRACE;GUEST_L1_POOL;GUEST_B1_LAUNDRY;GUEST_B1_BATH;GUEST_B1_STAIR,Measured-drawing geometry reference; precision only where dimensions are legible,A,LOC item advisory: US Government images have no known restrictions; copied-source images may be restricted,downloaded_verified,https://tile.loc.gov/storage-services/service/pnp/habshaer/pa/pa2100/pa2187/sheet/00001v.jpg,9854543565868c94727d07aa8b3bd305e5b29bcd98c7958c6de41c695203cd76,147559,"preserved prior ledger; this audit checked existence and bytes, did not rehash",JPEG directly viewed; not fully measured,research/references/architecture/manifest.csv; research/architecture.md,,original_archive_reference,exists
GUEST_HABS_02_JPEG,HABS PA-5346-A sheet 2: Second floor plan,Library of Congress / Historic American Buildings Survey,pa2187,sheet 02,https://www.loc.gov/pictures/item/pa2187.sheet.00002a/,research/references/architecture/guest-02-sheet.jpg,circa 2010,2026-09-20,drawing plan / detail; geographic bearing not asserted,GUEST_L2_BEDROOM_SOUTH;GUEST_L2_BEDROOM_MIDDLE;GUEST_L2_BEDROOM_NORTH;GUEST_L2_BATH;GUEST_L2_HALL;GUEST_L2_TERRACE,Measured-drawing geometry reference; precision only where dimensions are legible,A,LOC item advisory: US Government images have no known restrictions; copied-source images may be restricted,downloaded_verified,https://tile.loc.gov/storage-services/service/pnp/habshaer/pa/pa2100/pa2187/sheet/00002v.jpg,31181d2fef066cea76b77118d2c5f3a750414242aca07bb884f1cb4482580c21,124915,"preserved prior ledger; this audit checked existence and bytes, did not rehash",JPEG directly viewed; not fully measured,research/references/architecture/manifest.csv; research/architecture.md,,original_archive_reference,exists
GUEST_HABS_03_JPEG,HABS PA-5346-A sheet 3: East and south elevations,Library of Congress / Historic American Buildings Survey,pa2187,sheet 03,https://www.loc.gov/pictures/item/pa2187.sheet.00003a/,research/references/architecture/guest-03-sheet.jpg,circa 2010,2026-09-20,east and south,GUEST_ALL,Measured-drawing geometry reference; precision only where dimensions are legible,A,LOC item advisory: US Government images have no known restrictions; copied-source images may be restricted,downloaded_verified,https://tile.loc.gov/storage-services/service/pnp/habshaer/pa/pa2100/pa2187/sheet/00003v.jpg,90cafcdcb103faa42601eb1070e1278086f180f643bf0f3204b176ceec0616ac,125434,"preserved prior ledger; this audit checked existence and bytes, did not rehash",JPEG directly viewed; not fully measured,research/references/architecture/manifest.csv; research/architecture.md,,original_archive_reference,exists
GUEST_HABS_04_JPEG,HABS PA-5346-A sheet 4: West elevation and section looking north,Library of Congress / Historic American Buildings Survey,pa2187,sheet 04,https://www.loc.gov/pictures/item/pa2187.sheet.00004a/,research/references/architecture/guest-04-sheet.jpg,circa 2010,2026-09-20,west; section looking north,GUEST_ALL,Measured-drawing geometry reference; precision only where dimensions are legible,A,LOC item advisory: US Government images have no known restrictions; copied-source images may be restricted,downloaded_verified,https://tile.loc.gov/storage-services/service/pnp/habshaer/pa/pa2100/pa2187/sheet/00004v.jpg,2d2b69ce1bbf84b28fbb443f8e713e8ab8ed06f9dc5eabb7919e65b4105229a8,119787,"preserved prior ledger; this audit checked existence and bytes, did not rehash",JPEG directly viewed; not fully measured,research/references/architecture/manifest.csv; research/architecture.md,,original_archive_reference,exists
MAIN_HABS_04_HIRES,HABS PA-5346 sheet 4: First floor plan,Library of Congress / Historic American Buildings Survey,pa1690,sheet 04,https://www.loc.gov/pictures/item/pa1690.sheet.00004a/,research/references/architecture/main-04-original.tif,circa 2010,2026-09-20,drawing plan / detail; geographic bearing not asserted,MAIN_L1_LIVING;MAIN_L1_KITCHEN;MAIN_L1_SERVANT;MAIN_L1_SERVICE_STAIR;MAIN_L1_ENTRY;MAIN_L1_COAT;MAIN_L1_STAIR;MAIN_L1_LOGGIA;MAIN_L1_TERRACE_W;MAIN_L1_TERRACE_E;MAIN_L1_HATCH,Measured-drawing geometry reference; precision only where dimensions are legible,A,LOC item advisory: US Government images have no known restrictions; copied-source images may be restricted,downloaded_verified,https://tile.loc.gov/storage-services/master/pnp/habshaer/pa/pa1600/pa1690/sheet/00004a.tif,3db8199eeb84cd4226cfbae2ea9192880454c1012afa6e33bf84bae6449d8d56,30143777,"preserved prior ledger; this audit checked existence and bytes, did not rehash",Selected high-resolution inspection crops directly viewed; original stored in portrait orientation; not fully measured,research/references/architecture/manifest.csv; research/architecture.md,,original_archive_reference,exists
MAIN_HABS_10_HIRES,HABS PA-5346 sheet 10: Sections looking east and west,Library of Congress / Historic American Buildings Survey,pa1690,sheet 10,https://www.loc.gov/pictures/item/pa1690.sheet.00010a/,research/references/architecture/main-10-original.tif,circa 2010,2026-09-20,east and west sections,MAIN_ALL,Measured-drawing geometry reference; precision only where dimensions are legible,A,LOC item advisory: US Government images have no known restrictions; copied-source images may be restricted,downloaded_verified,https://tile.loc.gov/storage-services/master/pnp/habshaer/pa/pa1600/pa1690/sheet/00010a.tif,db6591996c049961a50ba593c002dc394d5708f1c15c5935e1c3671aed1e2ac7,30171041,"preserved prior ledger; this audit checked existence and bytes, did not rehash",Selected high-resolution inspection crops directly viewed; original stored in portrait orientation; not fully measured,research/references/architecture/manifest.csv; research/architecture.md,,original_archive_reference,exists
GUEST_HABS_01_HIRES,HABS PA-5346-A guest sheet 1: Basement and first floor plans,Library of Congress / HABS,pa2187,sheet 01,https://www.loc.gov/pictures/item/pa2187.sheet.00001a/,project/data/guest_refs/guest-01-original.tif,circa 2010,2026-09-20,drawing plan / elevation / section per title,GUEST_L1_THEATER;GUEST_L1_CAR_COURT;GUEST_L1_CHAUFFEUR_LOUNGE;GUEST_L1_BOILER;GUEST_L1_STAIR_HALL;GUEST_L1_LOUNGE;GUEST_L1_GALLERY;GUEST_L1_BATH;GUEST_L1_GUEST_ROOM;GUEST_L1_TERRACE;GUEST_L1_POOL;GUEST_B1_LAUNDRY;GUEST_B1_BATH;GUEST_B1_STAIR,"High-resolution dimensions, labels and elevation reading",A,HABS government-created material generally no known restrictions; copied works may differ. Retained as private architectural reference; do not silently treat source imagery as redistributable textures.,downloaded_verified,https://tile.loc.gov/storage-services/master/pnp/habshaer/pa/pa2100/pa2187/sheet/00001a.tif,70b5a22493be9568d04eafc94cb382fda17b1344f5a7c777973081df75f4a8b4,30126942,"preserved prior ledger; this audit checked existence and bytes, did not rehash",Viewed via original-resolution inspection crops; not every raw TIFF pixel independently inspected,project/data/guest_house.json references; qa/guest-geometry-review.md,,original_archive_reference,exists
GUEST_HABS_02_HIRES,HABS PA-5346-A guest sheet 2: Second floor plan,Library of Congress / HABS,pa2187,sheet 02,https://www.loc.gov/pictures/item/pa2187.sheet.00002a/,project/data/guest_refs/guest-02-original.tif,circa 2010,2026-09-20,drawing plan / elevation / section per title,GUEST_L2_BEDROOM_SOUTH;GUEST_L2_BEDROOM_MIDDLE;GUEST_L2_BEDROOM_NORTH;GUEST_L2_BATH;GUEST_L2_HALL;GUEST_L2_TERRACE,"High-resolution dimensions, labels and elevation reading",A,HABS government-created material generally no known restrictions; copied works may differ. Retained as private architectural reference; do not silently treat source imagery as redistributable textures.,downloaded_verified,https://tile.loc.gov/storage-services/master/pnp/habshaer/pa/pa2100/pa2187/sheet/00002a.tif,bd469539c51be86060e635ac3ce247c0128082536f777f59193ffa6bb083d7a1,30072414,"preserved prior ledger; this audit checked existence and bytes, did not rehash",Viewed via original-resolution inspection crops; not every raw TIFF pixel independently inspected,project/data/guest_house.json references; qa/guest-geometry-review.md,,original_archive_reference,exists
GUEST_HABS_03_HIRES,HABS PA-5346-A guest sheet 3: East and south elevations,Library of Congress / HABS,pa2187,sheet 03,https://www.loc.gov/pictures/item/pa2187.sheet.00003a/,project/data/guest_refs/guest-03-original.tif,circa 2010,2026-09-20,drawing plan / elevation / section per title,GUEST_ALL,"High-resolution dimensions, labels and elevation reading",A,HABS government-created material generally no known restrictions; copied works may differ. Retained as private architectural reference; do not silently treat source imagery as redistributable textures.,downloaded_verified,https://tile.loc.gov/storage-services/master/pnp/habshaer/pa/pa2100/pa2187/sheet/00003a.tif,28709c04784e762416de960bcb9b1281b304db8675fd3f7a9f28aaac6a0a3185,30113310,"preserved prior ledger; this audit checked existence and bytes, did not rehash",Viewed via original-resolution inspection crops; not every raw TIFF pixel independently inspected,project/data/guest_house.json references; qa/guest-geometry-review.md,,original_archive_reference,exists
GUEST_HABS_04_HIRES,HABS PA-5346-A guest sheet 4: West elevation and section looking north,Library of Congress / HABS,pa2187,sheet 04,https://www.loc.gov/pictures/item/pa2187.sheet.00004a/,project/data/guest_refs/guest-04-original.tif,circa 2010,2026-09-20,drawing plan / elevation / section per title,GUEST_ALL,"High-resolution dimensions, labels and elevation reading",A,HABS government-created material generally no known restrictions; copied works may differ. Retained as private architectural reference; do not silently treat source imagery as redistributable textures.,downloaded_verified,https://tile.loc.gov/storage-services/master/pnp/habshaer/pa/pa2100/pa2187/sheet/00004a.tif,d050cbda164c03f1b4f232104c75b7efe00903f613c09f04650cc3b2e775c49c,30140574,"preserved prior ledger; this audit checked existence and bytes, did not rehash",Viewed via original-resolution inspection crops; not every raw TIFF pixel independently inspected,project/data/guest_house.json references; qa/guest-geometry-review.md,,original_archive_reference,exists
MAIN_HABS_02_HIRES,HABS PA-5346 sheet 2: high-resolution site plan,Library of Congress / HABS,pa1690,sheet 02,https://www.loc.gov/pictures/item/pa1690.sheet.00002a/,project/data/site-02-original.tif,circa 2010,2026-09-20,Site plan; no numerical true-north bearing certified,MAIN_ALL;GUEST_ALL;SITE,Main/guest/connector registration; creek and paths explicitly approximate in source,A,"LOC item advisory: US Government-produced images have no known restrictions; copied-source images may be restricted. Reference only, not a scene texture.",downloaded_verified,https://tile.loc.gov/storage-services/master/pnp/habshaer/pa/pa1600/pa1690/sheet/00002a.tif,ec218ba0f6fb61af17e39d689458eb43702685ebad22885e9a39ce2f8b3669e7,30130145,computed for previously unhashed local file in this audit; exact match to independently supplied root acquisition SHA-256,Root actually viewed normalized site-02-review.jpg and site-02-scale.png; original 13632x17676 rotated -90 degrees; raw pixels not all separately inspected,"Root downloader confirmed public master URL, 29 validated Content-Range pieces, 30130145 bytes and SHA-256; guest/main workers confirmed crop viewing",,original_archive_reference,exists
DERIV_GUEST_01_OVERVIEW,Locally derived inspection: guest-01-overview.png,Local derivative of Library of Congress/HABS drawing,pa2187,sheet 01 crop/annotation,,project/data/guest_refs/guest-01-overview.png,circa 2010 source; local derivative 2026-09-20,2026-09-20,"Inherited drawing orientation, crop or annotation",GUEST_L1_THEATER;GUEST_L1_CAR_COURT;GUEST_L1_CHAUFFEUR_LOUNGE;GUEST_L1_BOILER;GUEST_L1_STAIR_HALL;GUEST_L1_LOUNGE;GUEST_L1_GALLERY;GUEST_L1_BATH;GUEST_L1_GUEST_ROOM;GUEST_L1_TERRACE;GUEST_L1_POOL;GUEST_B1_LAUNDRY;GUEST_B1_BATH;GUEST_B1_STAIR,"Inspection crop; annotation is a modeling aid, not a new official survey",A,"LOC item advisory: US Government-produced images have no known restrictions; copied-source images may be restricted. Reference only, not a scene texture.",viewed_image,,9391a12063579d11a2a6c01e0ed8a5ede34814dc215636f79245fc6b0e56adf1,79145,computed for previously unhashed local file in this audit,"Actually viewed by guest geometry worker; inherited observation, not auditor re-view",Guest geometry worker direct report 2026-09-20; qa/guest-geometry-review.md,GUEST_HABS_01_HIRES,local_derived_reference,exists
DERIV_GUEST_01_SERVICE,Locally derived inspection: guest-01-service.png,Local derivative of Library of Congress/HABS drawing,pa2187,sheet 01 crop/annotation,,project/data/guest_refs/guest-01-service.png,circa 2010 source; local derivative 2026-09-20,2026-09-20,"Inherited drawing orientation, crop or annotation",GUEST_L1_THEATER;GUEST_L1_CAR_COURT;GUEST_L1_CHAUFFEUR_LOUNGE;GUEST_L1_BOILER;GUEST_L1_STAIR_HALL;GUEST_L1_LOUNGE;GUEST_L1_GALLERY;GUEST_L1_BATH;GUEST_L1_GUEST_ROOM;GUEST_L1_TERRACE;GUEST_L1_POOL;GUEST_B1_LAUNDRY;GUEST_B1_BATH;GUEST_B1_STAIR,"Inspection crop; annotation is a modeling aid, not a new official survey",A,"LOC item advisory: US Government-produced images have no known restrictions; copied-source images may be restricted. Reference only, not a scene texture.",viewed_image,,78efbf6dd2b47438ebc993fad94bef7044212990744f4e2cdc23f4e4702496f1,112976,computed for previously unhashed local file in this audit,"Actually viewed by guest geometry worker; inherited observation, not auditor re-view",Guest geometry worker direct report 2026-09-20; qa/guest-geometry-review.md,GUEST_HABS_01_HIRES,local_derived_reference,exists
DERIV_GUEST_01_GUEST,Locally derived inspection: guest-01-guest.png,Local derivative of Library of Congress/HABS drawing,pa2187,sheet 01 crop/annotation,,project/data/guest_refs/guest-01-guest.png,circa 2010 source; local derivative 2026-09-20,2026-09-20,"Inherited drawing orientation, crop or annotation",GUEST_L1_THEATER;GUEST_L1_CAR_COURT;GUEST_L1_CHAUFFEUR_LOUNGE;GUEST_L1_BOILER;GUEST_L1_STAIR_HALL;GUEST_L1_LOUNGE;GUEST_L1_GALLERY;GUEST_L1_BATH;GUEST_L1_GUEST_ROOM;GUEST_L1_TERRACE;GUEST_L1_POOL;GUEST_B1_LAUNDRY;GUEST_B1_BATH;GUEST_B1_STAIR,"Inspection crop; annotation is a modeling aid, not a new official survey",A,"LOC item advisory: US Government-produced images have no known restrictions; copied-source images may be restricted. Reference only, not a scene texture.",viewed_image,,a347c0ddbcad005930cf6688eff6b302f59a444c8846c88c9ed7251bb4eb7244,54181,computed for previously unhashed local file in this audit,"Actually viewed by guest geometry worker; inherited observation, not auditor re-view",Guest geometry worker direct report 2026-09-20; qa/guest-geometry-review.md,GUEST_HABS_01_HIRES,local_derived_reference,exists
DERIV_GUEST_01_BASEMENT,Locally derived inspection: guest-01-basement.png,Local derivative of Library of Congress/HABS drawing,pa2187,sheet 01 crop/annotation,,project/data/guest_refs/guest-01-basement.png,circa 2010 source; local derivative 2026-09-20,2026-09-20,"Inherited drawing orientation, crop or annotation",GUEST_L1_THEATER;GUEST_L1_CAR_COURT;GUEST_L1_CHAUFFEUR_LOUNGE;GUEST_L1_BOILER;GUEST_L1_STAIR_HALL;GUEST_L1_LOUNGE;GUEST_L1_GALLERY;GUEST_L1_BATH;GUEST_L1_GUEST_ROOM;GUEST_L1_TERRACE;GUEST_L1_POOL;GUEST_B1_LAUNDRY;GUEST_B1_BATH;GUEST_B1_STAIR,"Inspection crop; annotation is a modeling aid, not a new official survey",A,"LOC item advisory: US Government-produced images have no known restrictions; copied-source images may be restricted. Reference only, not a scene texture.",viewed_image,,9b708cc6c9c7a97cfe03f484e23edc30096d3f5dc70a20a4c94f23ccb8009def,44627,computed for previously unhashed local file in this audit,"Actually viewed by guest geometry worker; inherited observation, not auditor re-view",Guest geometry worker direct report 2026-09-20; qa/guest-geometry-review.md,GUEST_HABS_01_HIRES,local_derived_reference,exists
DERIV_GUEST_01_GRID,Locally derived inspection: guest-01-grid.png,Local derivative of Library of Congress/HABS drawing,pa2187,sheet 01 crop/annotation,,project/data/guest_refs/guest-01-grid.png,circa 2010 source; local derivative 2026-09-20,2026-09-20,"Inherited drawing orientation, crop or annotation",GUEST_L1_THEATER;GUEST_L1_CAR_COURT;GUEST_L1_CHAUFFEUR_LOUNGE;GUEST_L1_BOILER;GUEST_L1_STAIR_HALL;GUEST_L1_LOUNGE;GUEST_L1_GALLERY;GUEST_L1_BATH;GUEST_L1_GUEST_ROOM;GUEST_L1_TERRACE;GUEST_L1_POOL;GUEST_B1_LAUNDRY;GUEST_B1_BATH;GUEST_B1_STAIR,"Inspection crop; annotation is a modeling aid, not a new official survey",C,"LOC item advisory: US Government-produced images have no known restrictions; copied-source images may be restricted. Reference only, not a scene texture.",viewed_image,,30dce1dc997a16dd5c8d5bcf23e5fee6367d02aca7a364cf33b2f3ae01515862,545561,computed for previously unhashed local file in this audit,"Actually viewed by guest geometry worker; inherited observation, not auditor re-view",Guest geometry worker direct report 2026-09-20; qa/guest-geometry-review.md,GUEST_HABS_01_HIRES,local_derived_reference,exists
DERIV_GUEST_01_TOPDIMENSION,Locally derived inspection: guest-01-topdimension.png,Local derivative of Library of Congress/HABS drawing,pa2187,sheet 01 crop/annotation,,project/data/guest_refs/guest-01-topdimension.png,circa 2010 source; local derivative 2026-09-20,2026-09-20,"Inherited drawing orientation, crop or annotation",GUEST_L1_THEATER;GUEST_L1_CAR_COURT;GUEST_L1_CHAUFFEUR_LOUNGE;GUEST_L1_BOILER;GUEST_L1_STAIR_HALL;GUEST_L1_LOUNGE;GUEST_L1_GALLERY;GUEST_L1_BATH;GUEST_L1_GUEST_ROOM;GUEST_L1_TERRACE;GUEST_L1_POOL;GUEST_B1_LAUNDRY;GUEST_B1_BATH;GUEST_B1_STAIR,"Inspection crop; annotation is a modeling aid, not a new official survey",A,"LOC item advisory: US Government-produced images have no known restrictions; copied-source images may be restricted. Reference only, not a scene texture.",viewed_image,,a57be2dd951874b52f75aab891081dae6d25ccfd382f71eb2d5131ccdbb9c79d,2220,computed for previously unhashed local file in this audit,"Actually viewed by guest geometry worker; inherited observation, not auditor re-view",Guest geometry worker direct report 2026-09-20; qa/guest-geometry-review.md,GUEST_HABS_01_HIRES,local_derived_reference,exists
DERIV_GUEST_01_LOUNGE_LABEL,Locally derived inspection: guest-01-lounge-label.png,Local derivative of Library of Congress/HABS drawing,pa2187,sheet 01 crop/annotation,,project/data/guest_refs/guest-01-lounge-label.png,circa 2010 source; local derivative 2026-09-20,2026-09-20,"Inherited drawing orientation, crop or annotation",GUEST_L1_THEATER;GUEST_L1_CAR_COURT;GUEST_L1_CHAUFFEUR_LOUNGE;GUEST_L1_BOILER;GUEST_L1_STAIR_HALL;GUEST_L1_LOUNGE;GUEST_L1_GALLERY;GUEST_L1_BATH;GUEST_L1_GUEST_ROOM;GUEST_L1_TERRACE;GUEST_L1_POOL;GUEST_B1_LAUNDRY;GUEST_B1_BATH;GUEST_B1_STAIR,"Inspection crop; annotation is a modeling aid, not a new official survey",A,"LOC item advisory: US Government-produced images have no known restrictions; copied-source images may be restricted. Reference only, not a scene texture.",viewed_image,,dba3d5672cd6ec7fae4a437d1adc020d9202362570892fe067fe3b57eb432bca,14464,computed for previously unhashed local file in this audit,"Actually viewed by guest geometry worker; inherited observation, not auditor re-view",Guest geometry worker direct report 2026-09-20; qa/guest-geometry-review.md,GUEST_HABS_01_HIRES,local_derived_reference,exists
DERIV_GUEST_01_BOTTOM_DIMENSIONS,Locally derived inspection: guest-01-bottom-dimensions.png,Local derivative of Library of Congress/HABS drawing,pa2187,sheet 01 crop/annotation,,project/data/guest_refs/guest-01-bottom-dimensions.png,circa 2010 source; local derivative 2026-09-20,2026-09-20,"Inherited drawing orientation, crop or annotation",GUEST_L1_THEATER;GUEST_L1_CAR_COURT;GUEST_L1_CHAUFFEUR_LOUNGE;GUEST_L1_BOILER;GUEST_L1_STAIR_HALL;GUEST_L1_LOUNGE;GUEST_L1_GALLERY;GUEST_L1_BATH;GUEST_L1_GUEST_ROOM;GUEST_L1_TERRACE;GUEST_L1_POOL;GUEST_B1_LAUNDRY;GUEST_B1_BATH;GUEST_B1_STAIR,"Inspection crop; annotation is a modeling aid, not a new official survey",A,"LOC item advisory: US Government-produced images have no known restrictions; copied-source images may be restricted. Reference only, not a scene texture.",viewed_image,,23df0612143dd45d4a9fda97902947dc3f0d4999cee8d87d9699bee41c4ba1fa,1327,computed for previously unhashed local file in this audit,"Actually viewed by guest geometry worker; inherited observation, not auditor re-view",Guest geometry worker direct report 2026-09-20; qa/guest-geometry-review.md,GUEST_HABS_01_HIRES,local_derived_reference,exists
DERIV_GUEST_01_BOILER,Locally derived inspection: guest-01-boiler.png,Local derivative of Library of Congress/HABS drawing,pa2187,sheet 01 crop/annotation,,project/data/guest_refs/guest-01-boiler.png,circa 2010 source; local derivative 2026-09-20,2026-09-20,"Inherited drawing orientation, crop or annotation",GUEST_L1_THEATER;GUEST_L1_CAR_COURT;GUEST_L1_CHAUFFEUR_LOUNGE;GUEST_L1_BOILER;GUEST_L1_STAIR_HALL;GUEST_L1_LOUNGE;GUEST_L1_GALLERY;GUEST_L1_BATH;GUEST_L1_GUEST_ROOM;GUEST_L1_TERRACE;GUEST_L1_POOL;GUEST_B1_LAUNDRY;GUEST_B1_BATH;GUEST_B1_STAIR,"Inspection crop; annotation is a modeling aid, not a new official survey",A,"LOC item advisory: US Government-produced images have no known restrictions; copied-source images may be restricted. Reference only, not a scene texture.",viewed_image,,07bbd31b2a5c6b0ffa1b9de7afc89f9b94aab16239c32569a6bb385a6f3a3bf1,29322,computed for previously unhashed local file in this audit,"Actually viewed by guest geometry worker; inherited observation, not auditor re-view",Guest geometry worker direct report 2026-09-20; qa/guest-geometry-review.md,GUEST_HABS_01_HIRES,local_derived_reference,exists
DERIV_GUEST_02_OVERVIEW,Locally derived inspection: guest-02-overview.png,Local derivative of Library of Congress/HABS drawing,pa2187,sheet 02 crop/annotation,,project/data/guest_refs/guest-02-overview.png,circa 2010 source; local derivative 2026-09-20,2026-09-20,"Inherited drawing orientation, crop or annotation",GUEST_L2_BEDROOM_SOUTH;GUEST_L2_BEDROOM_MIDDLE;GUEST_L2_BEDROOM_NORTH;GUEST_L2_BATH;GUEST_L2_HALL;GUEST_L2_TERRACE,"Inspection crop; annotation is a modeling aid, not a new official survey",A,"LOC item advisory: US Government-produced images have no known restrictions; copied-source images may be restricted. Reference only, not a scene texture.",viewed_image,,f46736a0bc90fd11eda041148124282307bb8521a42189349a23edb81d2c482c,58547,computed for previously unhashed local file in this audit,"Actually viewed by guest geometry worker; inherited observation, not auditor re-view",Guest geometry worker direct report 2026-09-20; qa/guest-geometry-review.md,GUEST_HABS_02_HIRES,local_derived_reference,exists
DERIV_GUEST_02_ROOMS,Locally derived inspection: guest-02-rooms.png,Local derivative of Library of Congress/HABS drawing,pa2187,sheet 02 crop/annotation,,project/data/guest_refs/guest-02-rooms.png,circa 2010 source; local derivative 2026-09-20,2026-09-20,"Inherited drawing orientation, crop or annotation",GUEST_L2_BEDROOM_SOUTH;GUEST_L2_BEDROOM_MIDDLE;GUEST_L2_BEDROOM_NORTH;GUEST_L2_BATH;GUEST_L2_HALL;GUEST_L2_TERRACE,"Inspection crop; annotation is a modeling aid, not a new official survey",A,"LOC item advisory: US Government-produced images have no known restrictions; copied-source images may be restricted. Reference only, not a scene texture.",viewed_image,,f4a59dd95139b986bcad83d6548947accd888b31980db1b6b5d22a980c50b84d,108386,computed for previously unhashed local file in this audit,"Actually viewed by guest geometry worker; inherited observation, not auditor re-view",Guest geometry worker direct report 2026-09-20; qa/guest-geometry-review.md,GUEST_HABS_02_HIRES,local_derived_reference,exists
DERIV_GUEST_03_OVERVIEW,Locally derived inspection: guest-03-overview.png,Local derivative of Library of Congress/HABS drawing,pa2187,sheet 03 crop/annotation,,project/data/guest_refs/guest-03-overview.png,circa 2010 source; local derivative 2026-09-20,2026-09-20,"Inherited drawing orientation, crop or annotation",GUEST_ALL,"Inspection crop; annotation is a modeling aid, not a new official survey",A,"LOC item advisory: US Government-produced images have no known restrictions; copied-source images may be restricted. Reference only, not a scene texture.",viewed_image,,1d85131cdfe9d5e25bfcab1d1d746bb1d02eb700a0a58633fe0470e32d08ae61,67010,computed for previously unhashed local file in this audit,"Actually viewed by guest geometry worker; inherited observation, not auditor re-view",Guest geometry worker direct report 2026-09-20; qa/guest-geometry-review.md,GUEST_HABS_03_HIRES,local_derived_reference,exists
DERIV_GUEST_03_LABELS,Locally derived inspection: guest-03-labels.png,Local derivative of Library of Congress/HABS drawing,pa2187,sheet 03 crop/annotation,,project/data/guest_refs/guest-03-labels.png,circa 2010 source; local derivative 2026-09-20,2026-09-20,"Inherited drawing orientation, crop or annotation",GUEST_ALL,"Inspection crop; annotation is a modeling aid, not a new official survey",A,"LOC item advisory: US Government-produced images have no known restrictions; copied-source images may be restricted. Reference only, not a scene texture.",viewed_image,,7be1e69f2c78b549cd7fc975bdd144f18d384e04ccc800b65acc727f7574add1,33132,computed for previously unhashed local file in this audit,"Actually viewed by guest geometry worker; inherited observation, not auditor re-view",Guest geometry worker direct report 2026-09-20; qa/guest-geometry-review.md,GUEST_HABS_03_HIRES,local_derived_reference,exists
DERIV_GUEST_04_OVERVIEW,Locally derived inspection: guest-04-overview.png,Local derivative of Library of Congress/HABS drawing,pa2187,sheet 04 crop/annotation,,project/data/guest_refs/guest-04-overview.png,circa 2010 source; local derivative 2026-09-20,2026-09-20,"Inherited drawing orientation, crop or annotation",GUEST_ALL,"Inspection crop; annotation is a modeling aid, not a new official survey",A,"LOC item advisory: US Government-produced images have no known restrictions; copied-source images may be restricted. Reference only, not a scene texture.",viewed_image,,666da0d120739714f42178561236886d0f8299669a44e260847c79d6f8e63cc9,63119,computed for previously unhashed local file in this audit,"Actually viewed by guest geometry worker; inherited observation, not auditor re-view",Guest geometry worker direct report 2026-09-20; qa/guest-geometry-review.md,GUEST_HABS_04_HIRES,local_derived_reference,exists
DERIV_GUEST_04_LABELS,Locally derived inspection: guest-04-labels.png,Local derivative of Library of Congress/HABS drawing,pa2187,sheet 04 crop/annotation,,project/data/guest_refs/guest-04-labels.png,circa 2010 source; local derivative 2026-09-20,2026-09-20,"Inherited drawing orientation, crop or annotation",GUEST_ALL,"Inspection crop; annotation is a modeling aid, not a new official survey",A,"LOC item advisory: US Government-produced images have no known restrictions; copied-source images may be restricted. Reference only, not a scene texture.",viewed_image,,72bcbee440368690a54330ebe1408e6221048ce1d5518ce24f74cfbf8ffe166a,17775,computed for previously unhashed local file in this audit,"Actually viewed by guest geometry worker; inherited observation, not auditor re-view",Guest geometry worker direct report 2026-09-20; qa/guest-geometry-review.md,GUEST_HABS_04_HIRES,local_derived_reference,exists
DERIV_GUEST_04_SECTIONLABELS,Locally derived inspection: guest-04-sectionlabels.png,Local derivative of Library of Congress/HABS drawing,pa2187,sheet 04 crop/annotation,,project/data/guest_refs/guest-04-sectionlabels.png,circa 2010 source; local derivative 2026-09-20,2026-09-20,"Inherited drawing orientation, crop or annotation",GUEST_ALL,"Inspection crop; annotation is a modeling aid, not a new official survey",A,"LOC item advisory: US Government-produced images have no known restrictions; copied-source images may be restricted. Reference only, not a scene texture.",viewed_image,,8b6b0001a3a9092e6f83001b39f199c086096b03984f65b890b9df0abe24648d,29818,computed for previously unhashed local file in this audit,"Actually viewed by guest geometry worker; inherited observation, not auditor re-view",Guest geometry worker direct report 2026-09-20; qa/guest-geometry-review.md,GUEST_HABS_04_HIRES,local_derived_reference,exists
DERIV_GUEST_04_SECTION,Locally derived inspection: guest-04-section.png,Local derivative of Library of Congress/HABS drawing,pa2187,sheet 04 crop/annotation,,project/data/guest_refs/guest-04-section.png,circa 2010 source; local derivative 2026-09-20,2026-09-20,"Inherited drawing orientation, crop or annotation",GUEST_ALL,"Inspection crop; annotation is a modeling aid, not a new official survey",A,"LOC item advisory: US Government-produced images have no known restrictions; copied-source images may be restricted. Reference only, not a scene texture.",viewed_image,,52e420b04c3740ecd34d9b7e6f2d496d4b6e966d073a098b3fb0c9057587afcb,35718,computed for previously unhashed local file in this audit,"Actually viewed by guest geometry worker; inherited observation, not auditor re-view",Guest geometry worker direct report 2026-09-20; qa/guest-geometry-review.md,GUEST_HABS_04_HIRES,local_derived_reference,exists
DERIV_SITE_CONNECTOR_GRID,Locally derived inspection: site-connector-grid.png,Local derivative of Library of Congress/HABS drawing,pa1690,sheet 02 crop/annotation,,project/data/guest_refs/site-connector-grid.png,circa 2010 source; local derivative 2026-09-20,2026-09-20,"Inherited drawing orientation, crop or annotation",MAIN_ALL;GUEST_ALL;SITE,"Inspection crop; annotation is a modeling aid, not a new official survey",C,"LOC item advisory: US Government-produced images have no known restrictions; copied-source images may be restricted. Reference only, not a scene texture.",viewed_image,,7b75a181ad25dcaad358b729b10b2b10c30da9f6277991fc244f6ec4518d54c2,555945,computed for previously unhashed local file in this audit,"Actually viewed by guest geometry worker; inherited observation, not auditor re-view",Guest geometry worker direct report 2026-09-20; qa/guest-geometry-review.md,MAIN_HABS_02_HIRES,local_derived_reference,exists
DERIV_MAIN_04_INSPECTION_ROOMS,Research inspection crop: main-04-inspection-rooms.png,Local derivative of Library of Congress/HABS drawing,pa1690,sheet 04 crop,,research/references/architecture/main-04-inspection-rooms.png,circa 2010 source; derivative 2026-09-20,2026-09-20,Dimension/label crop,MAIN_ALL,Partial label/dimension inspection; no complete-image measurement claim,A,"LOC item advisory: US Government-produced images have no known restrictions; copied-source images may be restricted. Reference only, not a scene texture.",viewed_image,,78f4b1a72792594945277a25e3e74e3c5a2fff98300c42c160cc9480a916f2d6,67524,computed for previously unhashed local file in this audit,"Previously viewed research crop, as recorded in architecture research",research/architecture.md,MAIN_HABS_04_HIRES,local_derived_reference,exists
DERIV_MAIN_10_INSPECTION_LEVELS,Research inspection crop: main-10-inspection-levels.png,Local derivative of Library of Congress/HABS drawing,pa1690,sheet 10 crop,,research/references/architecture/main-10-inspection-levels.png,circa 2010 source; derivative 2026-09-20,2026-09-20,Dimension/label crop,MAIN_ALL,Partial label/dimension inspection; no complete-image measurement claim,A,"LOC item advisory: US Government-produced images have no known restrictions; copied-source images may be restricted. Reference only, not a scene texture.",viewed_image,,384eeffff36b776784daf1434349101697a2e3484917a644a412dcbcb75eddcd,6779,computed for previously unhashed local file in this audit,"Previously viewed research crop, as recorded in architecture research",research/architecture.md,MAIN_HABS_10_HIRES,local_derived_reference,exists
DERIV_MAIN_10_EAST_ROOF_LABEL,Research inspection crop: main-10-east-roof-label.png,Local derivative of Library of Congress/HABS drawing,pa1690,sheet 10 crop,,research/references/architecture/main-10-east-roof-label.png,circa 2010 source; derivative 2026-09-20,2026-09-20,Dimension/label crop,MAIN_ALL,Partial label/dimension inspection; no complete-image measurement claim,A,"LOC item advisory: US Government-produced images have no known restrictions; copied-source images may be restricted. Reference only, not a scene texture.",viewed_image,,cb3f3f54ef3341f1be6c2a64e71843f103433b21fa753e7909b90aacbe4ca342,3162,computed for previously unhashed local file in this audit,"Previously viewed research crop, as recorded in architecture research",research/architecture.md,MAIN_HABS_10_HIRES,local_derived_reference,exists
DERIV_MAIN_10_THIRD_LEVEL_LABEL,Research inspection crop: main-10-third-level-label.png,Local derivative of Library of Congress/HABS drawing,pa1690,sheet 10 crop,,research/references/architecture/main-10-third-level-label.png,circa 2010 source; derivative 2026-09-20,2026-09-20,Dimension/label crop,MAIN_ALL,Partial label/dimension inspection; no complete-image measurement claim,A,"LOC item advisory: US Government-produced images have no known restrictions; copied-source images may be restricted. Reference only, not a scene texture.",viewed_image,,2b7ca07cc03050bf249eab0e83847cb021a2e35ba5e8b3dba6479f558249e0c8,5520,computed for previously unhashed local file in this audit,"Previously viewed research crop, as recorded in architecture research",research/architecture.md,MAIN_HABS_10_HIRES,local_derived_reference,exists
DERIV_MAIN_10_WEST_ROOF_LABEL,Research inspection crop: main-10-west-roof-label.png,Local derivative of Library of Congress/HABS drawing,pa1690,sheet 10 crop,,research/references/architecture/main-10-west-roof-label.png,circa 2010 source; derivative 2026-09-20,2026-09-20,Dimension/label crop,MAIN_ALL,Partial label/dimension inspection; no complete-image measurement claim,A,"LOC item advisory: US Government-produced images have no known restrictions; copied-source images may be restricted. Reference only, not a scene texture.",viewed_image,,37771e1a7dbecec2e10284d113c6a529ae8e41f73f26ac2d2f3b9db220de7dcc,3719,computed for previously unhashed local file in this audit,"Previously viewed research crop, as recorded in architecture research",research/architecture.md,MAIN_HABS_10_HIRES,local_derived_reference,exists
INT_S01,Preservation History,Western Pennsylvania Conservancy / Fallingwater,S01,webpage or caption index,https://fallingwater.org/preservation-history/,,not established / mixed conservation dates,2026-09-20,Not applicable to text record,MAIN_ALL;GUEST_ALL;SITE,已读全文；材料与维护证据；通史页面含不同时期记录，部分较旧,B,官方版权；单项图片授权未核实,opened_text,,,,,No photo-view status inferred from webpage/index access; see V records,"research/interiors.md section 9; inherited recorded access, not re-fetched by this audit",,online_text_reference,
INT_S02,Fallingwater Facts,Western Pennsylvania Conservancy / Fallingwater,S02,webpage or caption index,https://fallingwater.org/media-resources/fallingwater-facts/,,not established / mixed conservation dates,2026-09-20,Not applicable to text record,MAIN_ALL;GUEST_ALL;SITE,已读；建筑师、时期、主体面积口径、色彩,B,官方版权,opened_text,,,,,No photo-view status inferred from webpage/index access; see V records,"research/interiors.md section 9; inherited recorded access, not re-fetched by this audit",,online_text_reference,
INT_S03,Designing Fallingwater,Western Pennsylvania Conservancy / Fallingwater,S03,webpage or caption index,https://fallingwater.org/history/the-kaufmanns-fallingwater/designing-fallingwater/,,not established / mixed conservation dates,2026-09-20,Not applicable to text record,MAIN_ALL;GUEST_ALL;SITE,已读；地质、水、室内外关系、1937/1939,B,官方版权,opened_text,,,,,No photo-view status inferred from webpage/index access; see V records,"research/interiors.md section 9; inherited recorded access, not re-fetched by this audit",,online_text_reference,
INT_S04,Timeline,Western Pennsylvania Conservancy / Fallingwater,S04,webpage or caption index,https://fallingwater.org/history/timeline/,,not established / mixed conservation dates,2026-09-20,Not applicable to text record,MAIN_ALL;GUEST_ALL;SITE,已读相关条目；入住、2010测绘、2015服务浴室软木,B,官方版权,opened_text,,,,,No photo-view status inferred from webpage/index access; see V records,"research/interiors.md section 9; inherited recorded access, not re-fetched by this audit",,online_text_reference,
INT_S05,Grant Received for Kitchen Preservation,Western Pennsylvania Conservancy / Fallingwater,S05,webpage or caption index,https://fallingwater.org/grant-received-for-kitchen-preservation/,,not established / mixed conservation dates,2026-09-20,Not applicable to text record,MAIN_ALL;GUEST_ALL;SITE,已读全文、实际看局部柜照片；2019资助工程/图片路径2020,B,官方版权；图片不得默认变成交付贴图,opened_text,,,,,No photo-view status inferred from webpage/index access; see V records,"research/interiors.md section 9; inherited recorded access, not re-fetched by this audit",,online_text_reference,
INT_S06,Fallingwater Fireside,Western Pennsylvania Conservancy / Fallingwater,S06,webpage or caption index,https://fallingwater.org/fallingwater-fireside/,,not established / mixed conservation dates,2026-09-20,Not applicable to text record,MAIN_ALL;GUEST_ALL;SITE,已读、已看壁炉大图 V01；活动页面在2026仍有效；照片拍摄日期不明,B,官方版权,opened_text,,,,,No photo-view status inferred from webpage/index access; see V records,"research/interiors.md section 9; inherited recorded access, not re-fetched by this audit",,online_text_reference,
INT_S07,Fallingwater From Home,Western Pennsylvania Conservancy / Fallingwater,S07,webpage or caption index,https://fallingwater.org/fallingwater-from-home/,,not established / mixed conservation dates,2026-09-20,Not applicable to text record,MAIN_ALL;GUEST_ALL;SITE,已读索引、已看 V04/V05；视频链接可解析但未观看,B,官方版权；YouTube内单条许可未核实,opened_text,,,,,No photo-view status inferred from webpage/index access; see V records,"research/interiors.md section 9; inherited recorded access, not re-fetched by this audit",,online_text_reference,
INT_S08,HABS PA-5346-A Guest House photograph index,Library of Congress / HABS,S08,webpage or caption index,https://tile.loc.gov/storage-services/master/pnp/habshaer/pa/pa2100/pa2187/data/pa2187cap.pdf,,1985 photographic index,2026-09-20,Not applicable to text record,MAIN_ALL;GUEST_ALL;SITE,已读两页图注；1985年拍摄；A-11/A-22已看原片，其余本轮未逐张看图,B,LOC/HABS 条目权利声明须随原片核对，不把所有 LOC 内容一概视为无版权,opened_text,,,,,No photo-view status inferred from webpage/index access; see V records,"research/interiors.md section 9; inherited recorded access, not re-fetched by this audit",,online_text_reference,
INT_S09,Bear Run Nature Reserve / Fallingwater,Western Pennsylvania Conservancy / Fallingwater,S09,webpage or caption index,https://fallingwater.org/bear-run-nature-reserve/,,not established / mixed conservation dates,2026-09-20,Not applicable to text record,MAIN_ALL;GUEST_ALL;SITE,已读；铁杉林和场地环境；面积网页约数不作模型尺度,B,官方版权,opened_text,,,,,No photo-view status inferred from webpage/index access; see V records,"research/interiors.md section 9; inherited recorded access, not re-fetched by this audit",,online_text_reference,
INT_S10,Bear Run Nature Reserve / WPC,Western Pennsylvania Conservancy / Fallingwater,S10,webpage or caption index,https://waterlandlife.org/land-conservation/explore-our-preserves/bear-run-nature-reserve/,,not established / mixed conservation dates,2026-09-20,Not applicable to text record,MAIN_ALL;GUEST_ALL;SITE,已读；优势树种和成熟落叶林/铁杉林；现页含截至2024取得地块信息,B,WPC网页；未确认开放媒体许可,opened_text,,,,,No photo-view status inferred from webpage/index access; see V records,"research/interiors.md section 9; inherited recorded access, not re-fetched by this audit",,online_text_reference,
INT_S11,Sustainability,Western Pennsylvania Conservancy / Fallingwater,S11,webpage or caption index,https://fallingwater.org/what-is-fallingwater/sustainability/,,not established / mixed conservation dates,2026-09-20,Not applicable to text record,MAIN_ALL;GUEST_ALL;SITE,已读；主屋/客屋与其他园区设施区别；页面含目标年而非完成证明,B,官方版权,opened_text,,,,,No photo-view status inferred from webpage/index access; see V records,"research/interiors.md section 9; inherited recorded access, not re-fetched by this audit",,online_text_reference,
INT_S12,Fallingwater Tours,Western Pennsylvania Conservancy / Fallingwater,S12,webpage or caption index,https://fallingwater.org/visit/fallingwater-tours/,,not established / mixed conservation dates,2026-09-20,Not applicable to text record,MAIN_ALL;GUEST_ALL;SITE,已读；杜鹃花季节、游客视角约束；访问时现行页,B,官方版权,opened_text,,,,,No photo-view status inferred from webpage/index access; see V records,"research/interiors.md section 9; inherited recorded access, not re-fetched by this audit",,online_text_reference,
INT_S13,World Heritage Preserved Blog,Western Pennsylvania Conservancy / Fallingwater,S13,webpage or caption index,https://fallingwater.org/projects/world-heritage-preservation/,,not established / mixed conservation dates,2026-09-20,Not applicable to text record,MAIN_ALL;GUEST_ALL;SITE,已读相关2024条目；两间 study、露台/水阶修缮与洪水差别,B,官方版权,opened_text,,,,,No photo-view status inferred from webpage/index access; see V records,"research/interiors.md section 9; inherited recorded access, not re-fetched by this audit",,online_text_reference,
INT_S14,The Fallingwater Collection,Western Pennsylvania Conservancy / Fallingwater,S14,webpage or caption index,https://fallingwater.org/learn/preservation-and-collections/the-fallingwater-collection/,,not established / mixed conservation dates,2026-09-20,Not applicable to text record,MAIN_ALL;GUEST_ALL;SITE,官方入口可读；其 PastPerfect 目标403,B,官方版权；对象级授权未知,opened_text,,,,,No photo-view status inferred from webpage/index access; see V records,"research/interiors.md section 9; inherited recorded access, not re-fetched by this audit",,online_text_reference,
INT_S15,Virtual Experiences,Western Pennsylvania Conservancy / Fallingwater,S15,webpage or caption index,https://fallingwater.org/virtualexperiences/,,not established / mixed conservation dates,2026-09-20,Not applicable to text record,MAIN_ALL;GUEST_ALL;SITE,索引可读，所链 Closer Look 404,B,官方版权,opened_text,,,,,No photo-view status inferred from webpage/index access; see V records,"research/interiors.md section 9; inherited recorded access, not re-fetched by this audit",,online_text_reference,
INT_S16,Fallingwater Livestreams Offer Unique Interior Tours,Western Pennsylvania Conservancy / Fallingwater,S16,webpage or caption index,https://fallingwater.org/fallingwater-livestreams-offer-unique-interior-tours/,,2020-12-09,2026-09-20,Not applicable to text record,MAIN_ALL;GUEST_ALL;SITE,已读；明确是2020-12-09新闻，不能当作当前产品可用性,B,官方版权,opened_text,,,,,No photo-view status inferred from webpage/index access; see V records,"research/interiors.md section 9; inherited recorded access, not re-fetched by this audit",,online_text_reference,
INT_S17,Photography and Videography Policy,Western Pennsylvania Conservancy / Fallingwater,S17,webpage or caption index,https://fallingwater.org/what-is-fallingwater/photography-and-videography-policy/,,not established / mixed conservation dates,2026-09-20,Not applicable to text record,MAIN_ALL;GUEST_ALL;SITE,已读；个人现场摄影规定与商业用途限制；适用范围不自动覆盖CG模型的所有法律问题,B,非许可授予；仅记录政策，不提供法律判断,opened_text,,,,,No photo-view status inferred from webpage/index access; see V records,"research/interiors.md section 9; inherited recorded access, not re-fetched by this audit",,online_text_reference,
INT_S18,2026 reopening and preservation completion,Western Pennsylvania Conservancy / Fallingwater,S18,webpage or caption index,https://fallingwater.org/fallingwater-to-reopen-for-its-90th-anniversary-and-63rd-tour-season/,,2026-03-12,2026-09-20,Not applicable to text record,MAIN_ALL;GUEST_ALL;SITE,已读；2026-03-12官方新闻，工程结束与脚手架移除,B,官方版权,opened_text,,,,,No photo-view status inferred from webpage/index access; see V records,"research/interiors.md section 9; inherited recorded access, not re-fetched by this audit",,online_text_reference,
INT_S19,FW_ACL_Bedrooms_5,Western Pennsylvania Conservancy / Fallingwater,S19,webpage or caption index,https://fallingwater.org/fw_acl_bedrooms_5/,,not established / mixed conservation dates,2026-09-20,Not applicable to text record,MAIN_ALL;GUEST_ALL;SITE,Web抓取一次超时，但浏览器页面与原图 V03均成功；官方图注明确 guest house bedroom,B,官方版权；画作本身的权利另计、未核实,opened_text,,,,,No photo-view status inferred from webpage/index access; see V records,"research/interiors.md section 9; inherited recorded access, not re-fetched by this audit",,online_text_reference,
INT_S20,HABS 客房 A-11,Library of Congress / HABS,S20,webpage or caption index,https://www.loc.gov/pictures/item/pa2187.photos.134234p/,,not established / mixed conservation dates,2026-09-20,Not applicable to text record,MAIN_ALL;GUEST_ALL;SITE,搜索索引可读元数据；1985；原片V06实际可见,B,条目提示美国政府制作图像无已知限制、复制他源材料可能受限；继续保留作者与调查号,search_only,,,,,No photo-view status inferred from webpage/index access; see V records,"research/interiors.md section 9; inherited recorded access, not re-fetched by this audit",,online_text_reference,
INT_S21,HABS 客房 A-22,Library of Congress / HABS,S21,webpage or caption index,https://www.loc.gov/pictures/item/pa2187.photos.134245p/,,not established / mixed conservation dates,2026-09-20,Not applicable to text record,MAIN_ALL;GUEST_ALL;SITE,搜索索引可读元数据；1985；原片V07实际可见,B,同上，未以总括声明抹掉作品层面的权利,search_only,,,,,No photo-view status inferred from webpage/index access; see V records,"research/interiors.md section 9; inherited recorded access, not re-fetched by this audit",,online_text_reference,
INT_S22,HABS 主屋56,Library of Congress / HABS,S22,webpage or caption index,https://www.loc.gov/pictures/resource/hhh.pa1690.photos.134195p/,,not established / mixed conservation dates,2026-09-20,Not applicable to text record,MAIN_ALL;GUEST_ALL;SITE,说明页可读；原片V08实际可见；对照S24属于1985批次,B,HABS条件声明；按具体原片保留出处,opened_text,,,,,No photo-view status inferred from webpage/index access; see V records,"research/interiors.md section 9; inherited recorded access, not re-fetched by this audit",,online_text_reference,
INT_S23_1,LOC 主屋,Library of Congress / HABS,S23,webpage or caption index,https://www.loc.gov/item/pa1690/,,not established / mixed conservation dates,2026-09-20,Not applicable to text record,MAIN_ALL;GUEST_ALL;SITE,同轮建筑研究者对2010原始sheet进行视觉核验；本报告采用共享标签不虚构独立阅图,B,图纸逐项权利及文件清单见建筑研究,search_only,,,,,No photo-view status inferred from webpage/index access; see V records,"research/interiors.md section 9; inherited recorded access, not re-fetched by this audit",,online_text_reference,
INT_S23_2,客房,Library of Congress / HABS,S23,webpage or caption index,https://www.loc.gov/item/pa2187/,,not established / mixed conservation dates,2026-09-20,Not applicable to text record,MAIN_ALL;GUEST_ALL;SITE,同轮建筑研究者对2010原始sheet进行视觉核验；本报告采用共享标签不虚构独立阅图,B,图纸逐项权利及文件清单见建筑研究,search_only,,,,,No photo-view status inferred from webpage/index access; see V records,"research/interiors.md section 9; inherited recorded access, not re-fetched by this audit",,online_text_reference,
INT_S24,HABS 主屋照片图注,Library of Congress / HABS,S24,webpage or caption index,https://tile.loc.gov/storage-services/master/pnp/habshaer/pa/pa1600/pa1690/data/pa1690cap.pdf,,1985 photographic index,2026-09-20,Not applicable to text record,MAIN_ALL;GUEST_ALL;SITE,本轮已读7页；1985批次。56厨房、57炉、65主浴、73二层桌窗缺口等是候选照片定位，未全部看原片,B,图注用于定位原片；不得把索引文字当作图像尺寸,opened_text,,,,,No photo-view status inferred from webpage/index access; see V records,"research/interiors.md section 9; inherited recorded access, not re-fetched by this audit",,online_text_reference,
INT_V01,Fireside 客厅壁炉原图,Fallingwater / Western Pennsylvania Conservancy,V01,Official interior photograph,https://fallingwater.org/fallingwater-fireside/,,photograph date not established; upload path date not treated as shooting date,2026-09-20,Visible view only; precise calibrated camera bearing unknown,MAIN_L1_LIVING,暖炉前不规则凸起岩面；壁炉旁红色球形吊锅及矩形吊架；层叠凹凸石墙；窗下连续低座榻；低矮木桌；落地坐垫；窗框与横向架；石板地面的方向性反射。画面可见织物、花瓶、酒具与树桩形桌。,B,Official photo copyright not licensed for redistribution; not downloaded or used as texture. Depicted artworks may have separate rights.,viewed_image,https://fallingwater.org/wp-content/uploads/2023/04/FW_Page-Hero_1600x600_TEMPLATE%402x-scaled.jpg,,,,"Previously actually viewed, as recorded in research; not downloaded by this audit",research/interiors.md section 3; inherited documented visual inspection,,online_photo_reference,
INT_V02,厨房柜维护图,Fallingwater / Western Pennsylvania Conservancy,V02,Official interior photograph,https://fallingwater.org/grant-received-for-kitchen-preservation/,,photograph date not established; upload path date not treated as shooting date,2026-09-20,Visible view only; precise calibrated camera bearing unknown,MAIN_L1_KITCHEN,浅色涂装柜面、抽屉/柜门、弯曲金属把手、台面与多线金属收边、背后粗石墙。已在原页面打开图片并核看。,B,Official photo copyright not licensed for redistribution; not downloaded or used as texture. Depicted artworks may have separate rights.,viewed_image,https://fallingwater.org/wp-content/uploads/2020/06/Small.-cabinet.jpg,,,,"Previously actually viewed, as recorded in research; not downloaded by this audit",research/interiors.md section 3; inherited documented visual inspection,,online_photo_reference,
INT_V03,客房卧室,Fallingwater / Western Pennsylvania Conservancy,V03,Official interior photograph,https://fallingwater.org/fw_acl_bedrooms_5/,,photograph date not established; upload path date not treated as shooting date,2026-09-20,Visible view only; precise calibrated camera bearing unknown,GUEST_L1_GUEST_ROOM,床与蓝灰床罩；床上方画作和高侧窗；石墙竖段；右側壁龛/横板；框画；窗旁红色线条。,B,Official photo copyright not licensed for redistribution; not downloaded or used as texture. Depicted artworks may have separate rights.,viewed_image,https://fallingwater.org/wp-content/uploads/2021/03/FW_ACL_Bedrooms_5.jpg,,,,"Previously actually viewed, as recorded in research; not downloaded by this audit",research/interiors.md section 3; inherited documented visual inspection,,online_photo_reference,
INT_V04,Edgar jr. Study 小图,Fallingwater / Western Pennsylvania Conservancy,V04,Official interior photograph,https://fallingwater.org/fallingwater-from-home/,,photograph date not established; upload path date not treated as shooting date,2026-09-20,Visible view only; precise calibrated camera bearing unknown,MAIN_L3_STUDY,石墙围合、炉口、横板和书籍、窗边桌柜、红钢窗格、吊布式椅子、窗外秋色。,B,Official photo copyright not licensed for redistribution; not downloaded or used as texture. Depicted artworks may have separate rights.,viewed_image,https://fallingwater.org/wp-content/uploads/2019/04/FW-TOURS-EdgarsStudy-Windows-Fall_1953_4_5_fused-EDITED-451x208.jpg,,,,"Previously actually viewed, as recorded in research; not downloaded by this audit",research/interiors.md section 3; inherited documented visual inspection,,online_photo_reference,
INT_V05,通往 Bear Run 的水阶,Fallingwater / Western Pennsylvania Conservancy,V05,Official interior photograph,https://fallingwater.org/fallingwater-from-home/,,photograph date not established; upload path date not treated as shooting date,2026-09-20,Visible view only; precise calibrated camera bearing unknown,MAIN_L1_HATCH;MAIN_B_PLUNGE,室内向下通往溪水的开口；红色框轨与两侧扶手；上部透明可滑移盖板；石墙、赭色侧壁、下方水面。,B,Official photo copyright not licensed for redistribution; not downloaded or used as texture. Depicted artworks may have separate rights.,viewed_image,https://fallingwater.org/wp-content/uploads/2017/07/House-Stairs-FW-Summer-InteriorExterior-451x208.jpg,,,,"Previously actually viewed, as recorded in research; not downloaded by this audit",research/interiors.md section 3; inherited documented visual inspection,,online_photo_reference,
INT_V06,客房 A-11 原片,Library of Congress / HABS,V06,PA-5346-A-11,https://www.loc.gov/pictures/item/pa2187.photos.134234p/,,1985,2026-09-20,Visible view only; precise calibrated camera bearing unknown,GUEST_L1_LOUNGE,本轮看过完整黑白图；左侧竖直木隔屏及下方抽柜，窗下长座榻，中部角炉，右侧连续水平书架与扶手椅；地毯和不规则石板地面关系清楚。片边可核 PA-5346-A-11。,B,"LOC item advisory: US Government-produced images have no known restrictions; copied-source images may be restricted. Reference only, not a scene texture.",viewed_image,https://tile.loc.gov/storage-services/service/pnp/habshaer/pa/pa2100/pa2187/photos/134234pv.jpg,,,,"Previously actually viewed, as recorded in research; not downloaded by this audit",research/interiors.md section 3; inherited documented visual inspection,,online_photo_reference,
INT_V07,客房 A-22 原片,Library of Congress / HABS,V07,PA-5346-A-22,https://www.loc.gov/pictures/item/pa2187.photos.134245p/,,1985,2026-09-20,Visible view only; precise calibrated camera bearing unknown,GUEST_L1_POOL;GUEST_L1_TERRACE,实际可见池边石阶、池壁圆转边、近端植栽池、雨篷下视点与地面石板；片边可核 PA-5346-A-22。,B,"LOC item advisory: US Government-produced images have no known restrictions; copied-source images may be restricted. Reference only, not a scene texture.",viewed_image,https://tile.loc.gov/storage-services/service/pnp/habshaer/pa/pa2100/pa2187/photos/134245pv.jpg,,,,"Previously actually viewed, as recorded in research; not downloaded by this audit",research/interiors.md section 3; inherited documented visual inspection,,online_photo_reference,
INT_V08,主屋 56 厨房原片,Library of Congress / HABS,V08,PA-5346-56,https://www.loc.gov/pictures/resource/hhh.pa1690.photos.134195p/,,1985,2026-09-20,Visible view only; precise calibrated camera bearing unknown,MAIN_L1_KITCHEN,完整竖幅原片可见厨房西侧上下钢柜、双水槽、壁装龙头、打开的洗碗机及篮架、金属封边、高柜与旁边落地窗。片边可核 PA-5346-56。,B,"LOC item advisory: US Government-produced images have no known restrictions; copied-source images may be restricted. Reference only, not a scene texture.",viewed_image,https://tile.loc.gov/storage-services/service/pnp/habshaer/pa/pa1600/pa1690/photos/134195pv.jpg,,,,"Previously actually viewed, as recorded in research; not downloaded by this audit",research/interiors.md section 3; inherited documented visual inspection,,online_photo_reference,
ARCH_DRAWING_GUIDANCE,Fallingwater architectural drawings research guidance,Fallingwater / Western Pennsylvania Conservancy,architectural-drawings,institutional research guidance,https://fallingwater.org/learn/preservation-and-collections/research-resources/architectural-drawings/,,Undated research guidance,2026-09-20,Text,MAIN_ALL;GUEST_ALL,Distinguishes HABS as-built surveys from original design drawings and their rights,B,Institutional website; not a blanket source-image redistribution license,opened_text,,,,,Text-only evidence,research/architecture.md,,online_text_reference,
DERIV_MAIN_MAIN1_DIMENSIONS,Local main-house inspection: main1_dimensions.png,Local derivative of Library of Congress / HABS drawing,pa1690,MAIN_HABS_04_HIRES derived image,,project/data/main_refs/main1_dimensions.png,circa 2010 source; derivative 2026-09-20,2026-09-20,Original normalized/cropped; registration grids are local annotation,MAIN_ALL,"Dimension, room label or drawing registration inspection; annotations are not official survey marks",A,"LOC/HABS source conditions retained; local derivative for reference, not texture.",viewed_image,,9838aadfab027b50e2a54608f95de06038b8caae798c576b73d2cd04f377cc77,5487,computed for previously unhashed local file in this audit,"Actually viewed by main geometry worker; inherited observation, not auditor re-view",Main geometry worker direct report 2026-09-20,MAIN_HABS_04_HIRES,local_derived_reference,exists
DERIV_MAIN_MAIN1_DIMLEFT,Local main-house inspection: main1_dimleft.png,Local derivative of Library of Congress / HABS drawing,pa1690,MAIN_HABS_04_HIRES derived image,,project/data/main_refs/main1_dimleft.png,circa 2010 source; derivative 2026-09-20,2026-09-20,Original normalized/cropped; registration grids are local annotation,MAIN_ALL,"Dimension, room label or drawing registration inspection; annotations are not official survey marks",A,"LOC/HABS source conditions retained; local derivative for reference, not texture.",viewed_image,,f51552613780258396b87ea76411c9acf9c1b128dc3643bb49d5434cf9e411bc,130020,computed for previously unhashed local file in this audit,"Actually viewed by main geometry worker; inherited observation, not auditor re-view",Main geometry worker direct report 2026-09-20,MAIN_HABS_04_HIRES,local_derived_reference,exists
DERIV_MAIN_MAIN1_DIMTOP,Local main-house inspection: main1_dimtop.png,Local derivative of Library of Congress / HABS drawing,pa1690,MAIN_HABS_04_HIRES derived image,,project/data/main_refs/main1_dimtop.png,circa 2010 source; derivative 2026-09-20,2026-09-20,Original normalized/cropped; registration grids are local annotation,MAIN_ALL,"Dimension, room label or drawing registration inspection; annotations are not official survey marks",A,"LOC/HABS source conditions retained; local derivative for reference, not texture.",viewed_image,,4963b0edcd3f97d8dc6c9a954f34d9bf49fc2cd0fef15dad35c6da26c8928ebc,34219,computed for previously unhashed local file in this audit,"Actually viewed by main geometry worker; inherited observation, not auditor re-view",Main geometry worker direct report 2026-09-20,MAIN_HABS_04_HIRES,local_derived_reference,exists
DERIV_MAIN_MAIN1_DIMZOOM,Local main-house inspection: main1_dimzoom.png,Local derivative of Library of Congress / HABS drawing,pa1690,MAIN_HABS_04_HIRES derived image,,project/data/main_refs/main1_dimzoom.png,circa 2010 source; derivative 2026-09-20,2026-09-20,Original normalized/cropped; registration grids are local annotation,MAIN_ALL,"Dimension, room label or drawing registration inspection; annotations are not official survey marks",A,"LOC/HABS source conditions retained; local derivative for reference, not texture.",viewed_image,,e6362c78bf2fcdac60fe800ac858ef06fc2944d38977684a83ec38b5678d2509,4286,computed for previously unhashed local file in this audit,"Actually viewed by main geometry worker; inherited observation, not auditor re-view",Main geometry worker direct report 2026-09-20,MAIN_HABS_04_HIRES,local_derived_reference,exists
DERIV_MAIN_MAIN1_MEDIUM,Local main-house inspection: main1_medium.png,Local derivative of Library of Congress / HABS drawing,pa1690,MAIN_HABS_04_HIRES derived image,,project/data/main_refs/main1_medium.png,circa 2010 source; derivative 2026-09-20,2026-09-20,Original normalized/cropped; registration grids are local annotation,MAIN_ALL,"Dimension, room label or drawing registration inspection; annotations are not official survey marks",A,"LOC/HABS source conditions retained; local derivative for reference, not texture.",viewed_image,,a8363503b7a9985f4dae20bfeda2aafd272fb6132ec14930100e71bbacaa8f82,48129,computed for previously unhashed local file in this audit,"Actually viewed by main geometry worker; inherited observation, not auditor re-view",Main geometry worker direct report 2026-09-20,MAIN_HABS_04_HIRES,local_derived_reference,exists
DERIV_MAIN_MAIN1_ROOMS,Local main-house inspection: main1_rooms.png,Local derivative of Library of Congress / HABS drawing,pa1690,MAIN_HABS_04_HIRES derived image,,project/data/main_refs/main1_rooms.png,circa 2010 source; derivative 2026-09-20,2026-09-20,Original normalized/cropped; registration grids are local annotation,MAIN_ALL,"Dimension, room label or drawing registration inspection; annotations are not official survey marks",A,"LOC/HABS source conditions retained; local derivative for reference, not texture.",viewed_image,,ea0f0089fe2e9cf758a029e45b0cfc1b56fa1b32d6784d59eab5d4a30df87ec2,117215,computed for previously unhashed local file in this audit,"Actually viewed by main geometry worker; inherited observation, not auditor re-view",Main geometry worker direct report 2026-09-20,MAIN_HABS_04_HIRES,local_derived_reference,exists
DERIV_MAIN_MAIN6_REGISTRATION,Local main-house inspection: main6-registration.png,Local derivative of Library of Congress / HABS drawing,pa1690,MAIN_HABS_06_JPEG derived image,,project/data/main_refs/main6-registration.png,circa 2010 source; derivative 2026-09-20,2026-09-20,Original normalized/cropped; registration grids are local annotation,MAIN_ALL,"Dimension, room label or drawing registration inspection; annotations are not official survey marks",C,"LOC/HABS source conditions retained; local derivative for reference, not texture.",viewed_image,,608dee336afd71bc037f3356401605511b955bcf7875faed99b8cd4f3da6fa3f,810437,computed for previously unhashed local file in this audit,"Actually viewed by main geometry worker; inherited observation, not auditor re-view",Main geometry worker direct report 2026-09-20,MAIN_HABS_06_JPEG,local_derived_reference,exists
DERIV_MAIN_SITE_CORE_CLEAN,Local main-house inspection: site-core-clean.png,Local derivative of Library of Congress / HABS drawing,pa1690,MAIN_HABS_02_HIRES derived image,,project/data/main_refs/site-core-clean.png,circa 2010 source; derivative 2026-09-20,2026-09-20,Original normalized/cropped; registration grids are local annotation,MAIN_ALL;GUEST_ALL;SITE,"Dimension, room label or drawing registration inspection; annotations are not official survey marks",A,"LOC/HABS source conditions retained; local derivative for reference, not texture.",viewed_image,,f8febbe5a7b46f18376cabb91825fbff748dad4a03dce0ed1f7015c8981abdf8,187175,computed for previously unhashed local file in this audit,"Actually viewed by main geometry worker; inherited observation, not auditor re-view",Main geometry worker direct report 2026-09-20,MAIN_HABS_02_HIRES,local_derived_reference,exists
DERIV_MAIN_SITE_REGISTRATION,Local main-house inspection: site-registration.png,Local derivative of Library of Congress / HABS drawing,pa1690,MAIN_HABS_02_HIRES derived image,,project/data/main_refs/site-registration.png,circa 2010 source; derivative 2026-09-20,2026-09-20,Original normalized/cropped; registration grids are local annotation,MAIN_ALL;GUEST_ALL;SITE,"Dimension, room label or drawing registration inspection; annotations are not official survey marks",C,"LOC/HABS source conditions retained; local derivative for reference, not texture.",viewed_image,,9fac2c93762bb4d4427b89d743deb41660edb9d3c66780a62e7a058b3211608f,507367,computed for previously unhashed local file in this audit,"Actually viewed by main geometry worker; inherited observation, not auditor re-view",Main geometry worker direct report 2026-09-20,MAIN_HABS_02_HIRES,local_derived_reference,exists
DERIV_SITE_02_REVIEW,Normalized site-plan review image,Local derivative of Library of Congress / HABS drawing,pa1690,sheet 02 normalized derivative,,project/data/site-02-review.jpg,circa 2010 source; derivative 2026-09-20,2026-09-20,Normalized drawing plan,MAIN_ALL;GUEST_ALL;SITE,Whole-site connection/registration review; approximate creek/path restrictions retained,A,LOC/HABS source conditions retained; reference only.,viewed_image,,c5764573c7c954e32d5a7603ac9bd327d486ee94b27d12caf9ae30ff753cb185,653239,computed for previously unhashed local file in this audit,Actually viewed by guest geometry worker via normalized image,qa/guest-geometry-review.md; data/guest_house.json,MAIN_HABS_02_HIRES,local_derived_reference,exists
DERIV_SITE_02_SCALE,Site-plan metric scale inspection crop,Local derivative of Library of Congress / HABS drawing,pa1690,sheet 02 metric scale crop,,project/data/site-02-scale.png,circa 2010 source; derivative 2026-09-20,2026-09-20,Normalized site drawing scale,MAIN_ALL;GUEST_ALL;SITE,Root read 4 meter metric scale; main builder subsequently cross-checked four matching architectural corners; registration uncertainty remains separate,A,LOC/HABS source conditions retained; reference only.,viewed_image,,2fa5e9825caefaecb36df2e71223a782cee3b9d0e90e17875379f440f83420d2,47466,computed for previously unhashed local file in this audit,Actually viewed by root during source normalization/scale check,Root direct report 2026-09-20,MAIN_HABS_02_HIRES,local_derived_reference,exists
GEO07_MAIN_SW_87,southwest,Library of Congress / HABS,pa1690.color.570317c,570317c,https://www.loc.gov/pictures/item/pa1690.color.570317c/,project/data/photo_refs/main_sw_87.jpg,1985-03,2026-09-20,southwest,MAIN_EXTERIOR,Geometry reference/QA only; no scene texture,B,"LOC advisory: US Government-made images have no known restrictions; copied-source images may be restricted. Jack E. Boucher HABS photograph; reference/QA only, not a scene texture.",downloaded_verified + viewed_image,https://cdn.loc.gov/service/pnp/habshaer/pa/pa1600/pa1690/color/570317cv.jpg,3cb9d4b007be1fab6f0582b23e64782b93731b622735f3b77d2facc9714a7475,416258,recomputed on manifest merge,Original large JPEG and marked QA derivative actually viewed by photo_match agent,photo_match actual image inspection and caption research; qa/photo-match-review.md,,original_archive_reference,exists
GEO07_MAIN_EAST_88,"east, south end of bridge",Library of Congress / HABS,pa1690.color.570318c,570318c,https://www.loc.gov/pictures/item/pa1690.color.570318c/,project/data/photo_refs/main_east_88.jpg,1985-03,2026-09-20,"east, south end of bridge",MAIN_EXTERIOR,Geometry reference/QA only; no scene texture,B,"LOC advisory: US Government-made images have no known restrictions; copied-source images may be restricted. Jack E. Boucher HABS photograph; reference/QA only, not a scene texture.",downloaded_verified + viewed_image,https://tile.loc.gov/storage-services/service/pnp/habshaer/pa/pa1600/pa1690/color/570318cv.jpg,fe4c71c25236eb25eb1c97665f283be8193cdeccbbbcb286d415c89c14fb27fe,421152,recomputed on manifest merge,Original large JPEG and marked QA derivative actually viewed by photo_match agent,photo_match actual image inspection and caption research; qa/photo-match-review.md,,original_archive_reference,exists
GEO07_MAIN_LIVING_48,from kitchen door in northwest corner,Library of Congress / HABS,pa1690.photos.134187p,134187p,https://www.loc.gov/pictures/item/pa1690.photos.134187p/,project/data/photo_refs/main_living_48.jpg,1985-02/03,2026-09-20,from kitchen door in northwest corner,MAIN_L1_LIVING,Geometry reference/QA only; no scene texture,B,"LOC advisory: US Government-made images have no known restrictions; copied-source images may be restricted. Jack E. Boucher HABS photograph; reference/QA only, not a scene texture.",downloaded_verified + viewed_image,https://tile.loc.gov/storage-services/service/pnp/habshaer/pa/pa1600/pa1690/photos/134187pv.jpg,d2712f49a72dd0be5340d0d16a53baec1f0bf04c67af384d409ee341da61a3e7,327583,recomputed on manifest merge,Original large JPEG and marked QA derivative actually viewed by photo_match agent,photo_match actual image inspection and caption research; qa/photo-match-review.md,,original_archive_reference,exists
GEO07_MAIN_KITCHEN_56,west kitchen cabinets,Library of Congress / HABS,pa1690.photos.134195p,134195p,https://www.loc.gov/pictures/item/pa1690.photos.134195p/,project/data/photo_refs/main_kitchen_56.jpg,1985-02/03,2026-09-20,west kitchen cabinets,MAIN_L1_KITCHEN,Geometry reference/QA only; no scene texture,B,"LOC advisory: US Government-made images have no known restrictions; copied-source images may be restricted. Jack E. Boucher HABS photograph; reference/QA only, not a scene texture.",downloaded_verified + viewed_image,https://tile.loc.gov/storage-services/service/pnp/habshaer/pa/pa1600/pa1690/photos/134195pv.jpg,595360f28177178641a0ef05bfc41c1dd18ab59b82c5dfe3d752a64a89719d1e,209273,recomputed on manifest merge,Original large JPEG and marked QA derivative actually viewed by photo_match agent,photo_match actual image inspection and caption research; qa/photo-match-review.md,,original_archive_reference,exists
GEO07_GUEST_EXTERIOR_10,from west along south facade,Library of Congress / HABS,pa2187.photos.134233p,134233p,https://www.loc.gov/pictures/item/pa2187.photos.134233p/,project/data/photo_refs/guest_exterior_10.jpg,1985-02/03,2026-09-20,from west along south facade,GUEST_L1_LOUNGE;GUEST_L1_TERRACE,Geometry reference/QA only; no scene texture,B,"LOC advisory: US Government-made images have no known restrictions; copied-source images may be restricted. Jack E. Boucher HABS photograph; reference/QA only, not a scene texture.",downloaded_verified + viewed_image,https://tile.loc.gov/storage-services/service/pnp/habshaer/pa/pa2100/pa2187/photos/134233pv.jpg,3861068b7a43ed1d08941b215192cc2a60ca2d29472b71141fb0d75afc9ed247,255794,recomputed on manifest merge,Original large JPEG and marked QA derivative actually viewed by photo_match agent,photo_match actual image inspection and caption research; qa/photo-match-review.md,,original_archive_reference,exists
GEO07_GUEST_LIVING_11,living room from east,Library of Congress / HABS,pa2187.photos.134234p,134234p,https://www.loc.gov/pictures/item/pa2187.photos.134234p/,project/data/photo_refs/guest_living_11.jpg,1985-02/03,2026-09-20,living room from east,GUEST_L1_LOUNGE;GUEST_L1_TERRACE,Geometry reference/QA only; no scene texture,B,"LOC advisory: US Government-made images have no known restrictions; copied-source images may be restricted. Jack E. Boucher HABS photograph; reference/QA only, not a scene texture.",downloaded_verified + viewed_image,https://tile.loc.gov/storage-services/service/pnp/habshaer/pa/pa2100/pa2187/photos/134234pv.jpg,9a75b17d5138e7c33b2eff9e3ed5e37d15c065c27740362d3cf450420f439b23,282297,recomputed on manifest merge,Original large JPEG and marked QA derivative actually viewed by photo_match agent,photo_match actual image inspection and caption research; qa/photo-match-review.md,,original_archive_reference,exists
CONTEMPORARY_CEILING_ERITAK_2011,"Fallingwater interior, central ceiling fixture",Wikimedia Commons / photographer own work,File:Fallingwater_interior.JPG,photo,https://commons.wikimedia.org/wiki/File:Fallingwater_interior.JPG,,2011-06-22,2026-09-20,interior,MAIN_L1_LIVING,Contemporary persistence of fixture form also visible in HABS48; not dimensional measurement,C contemporary photograph comparison; HABS form separately documented,"Eritak, CC BY-SA 3.0; online reference only, not downloaded or used as texture",viewed_image,,,,,Actually viewed by architectural_detail agent,qa/architectural-detail-review.md,,online_photo_reference,
MCAH10_GUEST_ENTRANCE_0,guest-entrance original panorama horizontal face0,Columbia University Media Center for Art History,guest-entrance,original panorama face0,https://projects.mcah.columbia.edu/ha/panos/Fallingwater/Guest-House/Guest-House-Entrance/,project/qa/panorama10/guest-entrance-face0.jpg,Copyright2001; exact capture date unverified,2026-09-21,Panorama cube face index; world-camera registration NOT_RUN,GUEST_L1_LOUNGE;GUEST_L1_TERRACE;GUEST_L1_GUEST_ROOM,Reference identity/layout/materials only; no copied texture or exact camera fit,B,Copyright2001 Columbia University; Maurice Luker; no redistribution license; exclude image from public package,viewed_image,https://projects.mcah.columbia.edu/ha/panos/Fallingwater/Guest-House/Guest-House-Entrance/images/1213_fallingwater2001_vr_074_o_800_0.jpg,d1a456e3a2d6f3a1ce8ff6c36700e6c04641645e4d3aaec1e02fd8d1ebf9b3d7,102127,SHA256 recomputed by reference10-append.py,ACTUALLY_VIEWED_BY interior_build; root additionally guest-entrance3/living1/2,project/qa/guest-circulation10-panorama-review.md,,REFERENCE_ONLY_EXCLUDE_PUBLIC_PACKAGE,EXISTS_HASH_MATCH
MCAH10_GUEST_ENTRANCE_1,guest-entrance original panorama horizontal face1,Columbia University Media Center for Art History,guest-entrance,original panorama face1,https://projects.mcah.columbia.edu/ha/panos/Fallingwater/Guest-House/Guest-House-Entrance/,project/qa/panorama10/guest-entrance-face1.jpg,Copyright2001; exact capture date unverified,2026-09-21,Panorama cube face index; world-camera registration NOT_RUN,GUEST_L1_LOUNGE;GUEST_L1_TERRACE;GUEST_L1_GUEST_ROOM,Reference identity/layout/materials only; no copied texture or exact camera fit,B,Copyright2001 Columbia University; Maurice Luker; no redistribution license; exclude image from public package,viewed_image,https://projects.mcah.columbia.edu/ha/panos/Fallingwater/Guest-House/Guest-House-Entrance/images/1213_fallingwater2001_vr_074_o_800_1.jpg,3b89b38dda5fc68dbc427a57a2bdee0efc2bff1673575f645bab804af916d84c,88889,SHA256 recomputed by reference10-append.py,ACTUALLY_VIEWED_BY interior_build; root additionally guest-entrance3/living1/2,project/qa/guest-circulation10-panorama-review.md,,REFERENCE_ONLY_EXCLUDE_PUBLIC_PACKAGE,EXISTS_HASH_MATCH
MCAH10_GUEST_ENTRANCE_2,guest-entrance original panorama horizontal face2,Columbia University Media Center for Art History,guest-entrance,original panorama face2,https://projects.mcah.columbia.edu/ha/panos/Fallingwater/Guest-House/Guest-House-Entrance/,project/qa/panorama10/guest-entrance-face2.jpg,Copyright2001; exact capture date unverified,2026-09-21,Panorama cube face index; world-camera registration NOT_RUN,GUEST_L1_LOUNGE;GUEST_L1_TERRACE;GUEST_L1_GUEST_ROOM,Reference identity/layout/materials only; no copied texture or exact camera fit,B,Copyright2001 Columbia University; Maurice Luker; no redistribution license; exclude image from public package,viewed_image,https://projects.mcah.columbia.edu/ha/panos/Fallingwater/Guest-House/Guest-House-Entrance/images/1213_fallingwater2001_vr_074_o_800_2.jpg,f86121a2cbfc71858ae8cf974bab2d4cdcf5006c533a59dc8ecb57d9c05c9881,78951,SHA256 recomputed by reference10-append.py,ACTUALLY_VIEWED_BY interior_build; root additionally guest-entrance3/living1/2,project/qa/guest-circulation10-panorama-review.md,,REFERENCE_ONLY_EXCLUDE_PUBLIC_PACKAGE,EXISTS_HASH_MATCH
MCAH10_GUEST_ENTRANCE_3,guest-entrance original panorama horizontal face3,Columbia University Media Center for Art History,guest-entrance,original panorama face3,https://projects.mcah.columbia.edu/ha/panos/Fallingwater/Guest-House/Guest-House-Entrance/,project/qa/panorama10/guest-entrance-face3.jpg,Copyright2001; exact capture date unverified,2026-09-21,Panorama cube face index; world-camera registration NOT_RUN,GUEST_L1_LOUNGE;GUEST_L1_TERRACE;GUEST_L1_GUEST_ROOM,Reference identity/layout/materials only; no copied texture or exact camera fit,B,Copyright2001 Columbia University; Maurice Luker; no redistribution license; exclude image from public package,viewed_image,https://projects.mcah.columbia.edu/ha/panos/Fallingwater/Guest-House/Guest-House-Entrance/images/1213_fallingwater2001_vr_074_o_800_3.jpg,622e8479a031b37fc1de71d410246efa5b431a0e73d0eacc269ee696bcff8a89,82516,SHA256 recomputed by reference10-append.py,ACTUALLY_VIEWED_BY interior_build; root additionally guest-entrance3/living1/2,project/qa/guest-circulation10-panorama-review.md,,REFERENCE_ONLY_EXCLUDE_PUBLIC_PACKAGE,EXISTS_HASH_MATCH
MCAH10_GUEST_LIVING_0,guest-living original panorama horizontal face0,Columbia University Media Center for Art History,guest-living,original panorama face0,https://projects.mcah.columbia.edu/ha/panos/Fallingwater/Guest-House/Guest-House-Living-Room/,project/qa/panorama10/guest-living-face0.jpg,Copyright2001; exact capture date unverified,2026-09-21,Panorama cube face index; world-camera registration NOT_RUN,GUEST_L1_LOUNGE;GUEST_L1_TERRACE;GUEST_L1_GUEST_ROOM,Reference identity/layout/materials only; no copied texture or exact camera fit,B,Copyright2001 Columbia University; Maurice Luker; no redistribution license; exclude image from public package,viewed_image,https://projects.mcah.columbia.edu/ha/panos/Fallingwater/Guest-House/Guest-House-Living-Room/images/1213_fallingwater2001_vr_73_o_800_0.jpg,6eaa13344bf4c1f91f7efc8ab97d0aedaa1c16b7297c0cfabf469d09dfbc48cf,97408,SHA256 recomputed by reference10-append.py,ACTUALLY_VIEWED_BY interior_build; root additionally guest-entrance3/living1/2,project/qa/guest-circulation10-panorama-review.md,,REFERENCE_ONLY_EXCLUDE_PUBLIC_PACKAGE,EXISTS_HASH_MATCH
MCAH10_GUEST_LIVING_1,guest-living original panorama horizontal face1,Columbia University Media Center for Art History,guest-living,original panorama face1,https://projects.mcah.columbia.edu/ha/panos/Fallingwater/Guest-House/Guest-House-Living-Room/,project/qa/panorama10/guest-living-face1.jpg,Copyright2001; exact capture date unverified,2026-09-21,Panorama cube face index; world-camera registration NOT_RUN,GUEST_L1_LOUNGE;GUEST_L1_TERRACE;GUEST_L1_GUEST_ROOM,Reference identity/layout/materials only; no copied texture or exact camera fit,B,Copyright2001 Columbia University; Maurice Luker; no redistribution license; exclude image from public package,viewed_image,https://projects.mcah.columbia.edu/ha/panos/Fallingwater/Guest-House/Guest-House-Living-Room/images/1213_fallingwater2001_vr_73_o_800_1.jpg,94e47e14015f3d1a1c50c76dd1059d852178bf33af1a76c0a7cdae8a9062961f,64299,SHA256 recomputed by reference10-append.py,ACTUALLY_VIEWED_BY interior_build; root additionally guest-entrance3/living1/2,project/qa/guest-circulation10-panorama-review.md,,REFERENCE_ONLY_EXCLUDE_PUBLIC_PACKAGE,EXISTS_HASH_MATCH
MCAH10_GUEST_LIVING_2,guest-living original panorama horizontal face2,Columbia University Media Center for Art History,guest-living,original panorama face2,https://projects.mcah.columbia.edu/ha/panos/Fallingwater/Guest-House/Guest-House-Living-Room/,project/qa/panorama10/guest-living-face2.jpg,Copyright2001; exact capture date unverified,2026-09-21,Panorama cube face index; world-camera registration NOT_RUN,GUEST_L1_LOUNGE;GUEST_L1_TERRACE;GUEST_L1_GUEST_ROOM,Reference identity/layout/materials only; no copied texture or exact camera fit,B,Copyright2001 Columbia University; Maurice Luker; no redistribution license; exclude image from public package,viewed_image,https://projects.mcah.columbia.edu/ha/panos/Fallingwater/Guest-House/Guest-House-Living-Room/images/1213_fallingwater2001_vr_73_o_800_2.jpg,0f8471db99bbb86a9cfdc093145b10ce578a15aa676b40653b401ac1c225a9d2,99032,SHA256 recomputed by reference10-append.py,ACTUALLY_VIEWED_BY interior_build; root additionally guest-entrance3/living1/2,project/qa/guest-circulation10-panorama-review.md,,REFERENCE_ONLY_EXCLUDE_PUBLIC_PACKAGE,EXISTS_HASH_MATCH
MCAH10_GUEST_LIVING_3,guest-living original panorama horizontal face3,Columbia University Media Center for Art History,guest-living,original panorama face3,https://projects.mcah.columbia.edu/ha/panos/Fallingwater/Guest-House/Guest-House-Living-Room/,project/qa/panorama10/guest-living-face3.jpg,Copyright2001; exact capture date unverified,2026-09-21,Panorama cube face index; world-camera registration NOT_RUN,GUEST_L1_LOUNGE;GUEST_L1_TERRACE;GUEST_L1_GUEST_ROOM,Reference identity/layout/materials only; no copied texture or exact camera fit,B,Copyright2001 Columbia University; Maurice Luker; no redistribution license; exclude image from public package,viewed_image,https://projects.mcah.columbia.edu/ha/panos/Fallingwater/Guest-House/Guest-House-Living-Room/images/1213_fallingwater2001_vr_73_o_800_3.jpg,131c736ff133d57fae3068d1b296c796ad3a3ca9ad4524577cb7da4d195f4afc,108017,SHA256 recomputed by reference10-append.py,ACTUALLY_VIEWED_BY interior_build; root additionally guest-entrance3/living1/2,project/qa/guest-circulation10-panorama-review.md,,REFERENCE_ONLY_EXCLUDE_PUBLIC_PACKAGE,EXISTS_HASH_MATCH
MCAH10_MASTER_BEDROOM_0,master-bedroom original panorama horizontal face0,Columbia University Media Center for Art History,master-bedroom,original panorama face0,https://projects.mcah.columbia.edu/ha/panos/Fallingwater/Master-Bedroom/,project/qa/panorama10/master-bedroom-face0.jpg,Copyright2001; exact capture date unverified,2026-09-21,Panorama cube face index; world-camera registration NOT_RUN,MAIN_L2_MASTER;MAIN_L2_CLOSET_M,Reference identity/layout/materials only; no copied texture or exact camera fit,B,Copyright2001 Columbia University; Maurice Luker; no redistribution license; exclude image from public package,viewed_image,https://projects.mcah.columbia.edu/ha/panos/Fallingwater/Master-Bedroom/images/1213_fallingwater2001_vr_90_o_800_0.jpg,e89e06ae0045488ac1f0e17831626785221f2d0769998e49f868c334bca807ff,68745,SHA256 recomputed by reference10-append.py,ACTUALLY_VIEWED_BY guest_visual_review and root,project/qa/master-source10-review.md,,REFERENCE_ONLY_EXCLUDE_PUBLIC_PACKAGE,EXISTS_HASH_MATCH
MCAH10_MASTER_BEDROOM_1,master-bedroom original panorama horizontal face1,Columbia University Media Center for Art History,master-bedroom,original panorama face1,https://projects.mcah.columbia.edu/ha/panos/Fallingwater/Master-Bedroom/,project/qa/panorama10/master-bedroom-face1.jpg,Copyright2001; exact capture date unverified,2026-09-21,Panorama cube face index; world-camera registration NOT_RUN,MAIN_L2_MASTER;MAIN_L2_CLOSET_M,Reference identity/layout/materials only; no copied texture or exact camera fit,B,Copyright2001 Columbia University; Maurice Luker; no redistribution license; exclude image from public package,viewed_image,https://projects.mcah.columbia.edu/ha/panos/Fallingwater/Master-Bedroom/images/1213_fallingwater2001_vr_90_o_800_1.jpg,4e205ae0406412c24ded790a9f1ce1ff53af0e63be6e9c9b7cd68160b9ddf3f7,71215,SHA256 recomputed by reference10-append.py,ACTUALLY_VIEWED_BY guest_visual_review and root,project/qa/master-source10-review.md,,REFERENCE_ONLY_EXCLUDE_PUBLIC_PACKAGE,EXISTS_HASH_MATCH
MCAH10_MASTER_BEDROOM_2,master-bedroom original panorama horizontal face2,Columbia University Media Center for Art History,master-bedroom,original panorama face2,https://projects.mcah.columbia.edu/ha/panos/Fallingwater/Master-Bedroom/,project/qa/panorama10/master-bedroom-face2.jpg,Copyright2001; exact capture date unverified,2026-09-21,Panorama cube face index; world-camera registration NOT_RUN,MAIN_L2_MASTER;MAIN_L2_CLOSET_M,Reference identity/layout/materials only; no copied texture or exact camera fit,B,Copyright2001 Columbia University; Maurice Luker; no redistribution license; exclude image from public package,viewed_image,https://projects.mcah.columbia.edu/ha/panos/Fallingwater/Master-Bedroom/images/1213_fallingwater2001_vr_90_o_800_2.jpg,811539b44cbc347ba76bd4c8ac2b8ad45991481cdeffc41a4a57dd9ce5d4d77a,83448,SHA256 recomputed by reference10-append.py,ACTUALLY_VIEWED_BY guest_visual_review and root,project/qa/master-source10-review.md,,REFERENCE_ONLY_EXCLUDE_PUBLIC_PACKAGE,EXISTS_HASH_MATCH
MCAH10_MASTER_BEDROOM_3,master-bedroom original panorama horizontal face3,Columbia University Media Center for Art History,master-bedroom,original panorama face3,https://projects.mcah.columbia.edu/ha/panos/Fallingwater/Master-Bedroom/,project/qa/panorama10/master-bedroom-face3.jpg,Copyright2001; exact capture date unverified,2026-09-21,Panorama cube face index; world-camera registration NOT_RUN,MAIN_L2_MASTER;MAIN_L2_CLOSET_M,Reference identity/layout/materials only; no copied texture or exact camera fit,B,Copyright2001 Columbia University; Maurice Luker; no redistribution license; exclude image from public package,viewed_image,https://projects.mcah.columbia.edu/ha/panos/Fallingwater/Master-Bedroom/images/1213_fallingwater2001_vr_90_o_800_3.jpg,8f5333af21e210244c29c20b9c3c8a3be02d63b3e93ff75e8ad0ac8006fcce33,85897,SHA256 recomputed by reference10-append.py,ACTUALLY_VIEWED_BY guest_visual_review and root,project/qa/master-source10-review.md,,REFERENCE_ONLY_EXCLUDE_PUBLIC_PACKAGE,EXISTS_HASH_MATCH
MCAH10_MASTER_BATHROOM_0,master-bathroom original panorama horizontal face0,Columbia University Media Center for Art History,master-bathroom,original panorama face0,https://projects.mcah.columbia.edu/ha/panos/Fallingwater/Master-Bathroom/,project/qa/panorama10/master-bathroom-face0.jpg,Copyright2001; exact capture date unverified,2026-09-21,Panorama cube face index; world-camera registration NOT_RUN,MAIN_L2_BATH_M,Reference identity/layout/materials only; no copied texture or exact camera fit,B,Copyright2001 Columbia University; Maurice Luker; no redistribution license; exclude image from public package,viewed_image,https://projects.mcah.columbia.edu/ha/panos/Fallingwater/Master-Bathroom/images/1213_fallingwater2001_vr_001_o_800_0.jpg,b4912e7a763806af734c51efa59e942aab641759301bf851844ff3d53a28a5df,70760,SHA256 recomputed by reference10-append.py,ACTUALLY_VIEWED_BY root and main_access10,project/qa/master-bath-source10-review.md,,REFERENCE_ONLY_EXCLUDE_PUBLIC_PACKAGE,EXISTS_HASH_MATCH
MCAH10_MASTER_BATHROOM_1,master-bathroom original panorama horizontal face1,Columbia University Media Center for Art History,master-bathroom,original panorama face1,https://projects.mcah.columbia.edu/ha/panos/Fallingwater/Master-Bathroom/,project/qa/panorama10/master-bathroom-face1.jpg,Copyright2001; exact capture date unverified,2026-09-21,Panorama cube face index; world-camera registration NOT_RUN,MAIN_L2_BATH_M,Reference identity/layout/materials only; no copied texture or exact camera fit,B,Copyright2001 Columbia University; Maurice Luker; no redistribution license; exclude image from public package,viewed_image,https://projects.mcah.columbia.edu/ha/panos/Fallingwater/Master-Bathroom/images/1213_fallingwater2001_vr_001_o_800_1.jpg,2ff2f0d8df73e967354d7fde027e504d946f4c014c237b861e26f960d5525321,72309,SHA256 recomputed by reference10-append.py,ACTUALLY_VIEWED_BY root and main_access10,project/qa/master-bath-source10-review.md,,REFERENCE_ONLY_EXCLUDE_PUBLIC_PACKAGE,EXISTS_HASH_MATCH
MCAH10_MASTER_BATHROOM_2,master-bathroom original panorama horizontal face2,Columbia University Media Center for Art History,master-bathroom,original panorama face2,https://projects.mcah.columbia.edu/ha/panos/Fallingwater/Master-Bathroom/,project/qa/panorama10/master-bathroom-face2.jpg,Copyright2001; exact capture date unverified,2026-09-21,Panorama cube face index; world-camera registration NOT_RUN,MAIN_L2_BATH_M,Reference identity/layout/materials only; no copied texture or exact camera fit,B,Copyright2001 Columbia University; Maurice Luker; no redistribution license; exclude image from public package,viewed_image,https://projects.mcah.columbia.edu/ha/panos/Fallingwater/Master-Bathroom/images/1213_fallingwater2001_vr_001_o_800_2.jpg,be8362ec23728d1f5ca8c7f55ade487103bf2a75dd63d995558e402006466b43,75071,SHA256 recomputed by reference10-append.py,ACTUALLY_VIEWED_BY root and main_access10,project/qa/master-bath-source10-review.md,,REFERENCE_ONLY_EXCLUDE_PUBLIC_PACKAGE,EXISTS_HASH_MATCH
MCAH10_MASTER_BATHROOM_3,master-bathroom original panorama horizontal face3,Columbia University Media Center for Art History,master-bathroom,original panorama face3,https://projects.mcah.columbia.edu/ha/panos/Fallingwater/Master-Bathroom/,project/qa/panorama10/master-bathroom-face3.jpg,Copyright2001; exact capture date unverified,2026-09-21,Panorama cube face index; world-camera registration NOT_RUN,MAIN_L2_BATH_M,Reference identity/layout/materials only; no copied texture or exact camera fit,B,Copyright2001 Columbia University; Maurice Luker; no redistribution license; exclude image from public package,viewed_image,https://projects.mcah.columbia.edu/ha/panos/Fallingwater/Master-Bathroom/images/1213_fallingwater2001_vr_001_o_800_3.jpg,67d68718c1d00281a8c957ae65232d89987a8349e0d2de9e3a9d9e3272665a83,63985,SHA256 recomputed by reference10-append.py,ACTUALLY_VIEWED_BY root and main_access10,project/qa/master-bath-source10-review.md,,REFERENCE_ONLY_EXCLUDE_PUBLIC_PACKAGE,EXISTS_HASH_MATCH
BRIDGE10_COLUMBIA_0,Fallingwater bridge construction reference columbia-0,Columbia University MCAH,columbia-0,photograph,https://projects.mcah.columbia.edu/ha/panos/Fallingwater/Bridge-Over-Stream/,project/qa/bridge-source10-columbia-0.jpg,"UNKNOWN; filename contains 2001, not independently confirmed",2026-09-21,longitudinal toward curving approach,SITE bridge,construction reference only; concrete parapets and layered stone bank returns,B,No redistributable license verified; reference only; exclude public package; no texture reuse,viewed_image,https://projects.mcah.columbia.edu/ha/panos/Fallingwater/Bridge-Over-Stream/images/1213_fallingwater2001_vr_040_o_800_0.jpg,c5cf3bd6b73c8c610a2489172a26da92fad956a90d43912cd2df4c3e703ab5e6,132688,Local SHA256 independently recomputed by bridge10 registration script,VIEWED_BY_SITE_VISUAL; ROOT_ACTUALLY_VIEWED,project/qa/bridge10-reference-viewed.json,,REFERENCE_ONLY_EXCLUDE_PUBLIC_PACKAGE,EXISTS_HASH_MATCH
BRIDGE10_COLUMBIA_3,Fallingwater bridge construction reference columbia-3,Columbia University MCAH,columbia-3,photograph,https://projects.mcah.columbia.edu/ha/panos/Fallingwater/Bridge-Over-Stream/,project/qa/bridge-source10-columbia-3.jpg,"UNKNOWN; filename contains 2001, not independently confirmed",2026-09-21,transverse toward parapet,SITE bridge,construction reference only; concrete parapets and layered stone bank returns,B,No redistributable license verified; reference only; exclude public package; no texture reuse,viewed_image,https://projects.mcah.columbia.edu/ha/panos/Fallingwater/Bridge-Over-Stream/images/1213_fallingwater2001_vr_040_o_800_3.jpg,eaf8e67e295a5677895656ce91afcad5bfa16dd89b0a2ab61dc800a726ff8d9e,139195,Local SHA256 independently recomputed by bridge10 registration script,VIEWED_BY_SITE_VISUAL; ROOT_ACTUALLY_VIEWED,project/qa/bridge10-reference-viewed.json,,REFERENCE_ONLY_EXCLUDE_PUBLIC_PACKAGE,EXISTS_HASH_MATCH
BRIDGE10_HYDE_BRIDGE,Fallingwater bridge construction reference hyde-bridge,Dan Hyde / Bucknell hosted personal page,hyde-bridge,photograph,https://www.eg.bucknell.edu/~hyde/FrankLloydWright/Fallingwater.html,project/qa/bridge-source10-hyde-bridge.jpg,2005-04-22,2026-09-21,house-side toward bridge,SITE bridge,construction reference only; concrete parapets and layered stone bank returns,B,Copyright Daniel C. Hyde 2005; reference only; exclude public package; no texture reuse,viewed_image,https://www.eg.bucknell.edu/~hyde/FrankLloydWright/Images/IMG_4577Copying.jpg,eb286cee81a5c252234f704aa2c99daa70352f18449629760e4f9cace96dff9d,229681,Local SHA256 independently recomputed by bridge10 registration script,VIEWED_BY_SITE_VISUAL; ROOT_ACTUALLY_VIEWED,project/qa/bridge10-reference-viewed.json,,REFERENCE_ONLY_EXCLUDE_PUBLIC_PACKAGE,EXISTS_HASH_MATCH
FOREST11_OFFICIAL_1,Fallingwater Spring canopy reference East,Western Pennsylvania Conservancy / Fallingwater,FW_ZOOM_East-Elevation_SPRING.jpg,photograph,https://fallingwater.org/virtual-backgrounds/,project/qa/forest-canopy11-source-official-east.jpg,UNKNOWN; Spring in source filename; upload path not capture date,2026-09-21,East elevation,SITE forest,"Leaf-on branch coverage/shape reference, not surveyed species or density",B visible morphology; C model inference,Copyright Fallingwater; offered for virtual background only. REFERENCE_ONLY_EXCLUDE_PUBLIC_PACKAGE. Not texture.,HASH_VERIFIED_VIEWED,https://fallingwater.org/wp-content/uploads/2021/03/FW_ZOOM_East-Elevation_SPRING.jpg,47ce61a3ae308e29bcb290bece4b4f16dfa1f13141dc04c1fca39a25cf996490,3040185,Local SHA256 from downloaded official JPEG,VIEWED_BY_SITE_VISUAL_AND_ROOT; root 2026-09-21,project/qa/forest-canopy11-sources.json,,REFERENCE_ONLY_EXCLUDE_PUBLIC_PACKAGE,EXISTS_HASH_MATCH
FOREST11_OFFICIAL_2,Fallingwater Spring canopy reference Classic,Western Pennsylvania Conservancy / Fallingwater,FW_ZOOM_Classic-View_SPRING.jpg,photograph,https://fallingwater.org/virtual-backgrounds/,project/qa/forest-canopy11-source-official-classic.jpg,UNKNOWN; Spring in source filename; upload path not capture date,2026-09-21,Classic downstream elevation,SITE forest,"Leaf-on branch coverage/shape reference, not surveyed species or density",B visible morphology; C model inference,Copyright Fallingwater; offered for virtual background only. REFERENCE_ONLY_EXCLUDE_PUBLIC_PACKAGE. Not texture.,HASH_VERIFIED_VIEWED,https://fallingwater.org/wp-content/uploads/2021/03/FW_ZOOM_Classic-View_SPRING.jpg,48b00758ba4ad3c4765cdfb8343637f1fad4777e96a452cc85da9d3cac99b856,2647309,Local SHA256 from downloaded official JPEG,VIEWED_BY_SITE_VISUAL_AND_ROOT; root 2026-09-21,project/qa/forest-canopy11-sources.json,,REFERENCE_ONLY_EXCLUDE_PUBLIC_PACKAGE,EXISTS_HASH_MATCH
